date,open,high,low,close,volume
2020-09-08T04:00:00+00:00,110.841188073177,115.74368657539894,109.60583975780702,109.74201965332033,231366600
2020-09-09T04:00:00+00:00,114.0609019966418,115.88960896039347,112.11546621430011,114.1192626953125,176940500
2020-09-10T04:00:00+00:00,117.07631155381702,117.2124914481067,109.43074927727804,110.39373779296876,182274400
2020-09-11T04:00:00+00:00,111.4442893036586,112.08628667869144,106.9989688055856,108.94440460205078,180860300
2020-09-14T04:00:00+00:00,111.59019158497078,112.76717927863528,109.7225751167386,112.21273040771484,140150100
2020-09-15T04:00:00+00:00,115.10169316714062,115.58805204226122,110.51046419860256,112.38780975341795,184642000
2020-09-16T04:00:00+00:00,112.08626205798284,112.8352514097506,108.98329026941566,109.07083129882812,154679000
2020-09-17T04:00:00+00:00,106.72659350722516,109.13892938917895,105.74414649450532,107.32967376708984,178011000
2020-09-18T04:00:00+00:00,107.38803570255637,107.85493604325931,103.19561736370883,103.92515563964844,287104900
2020-09-21T04:00:00+00:00,101.68791722586772,107.18377414626174,100.28720125318382,107.07677459716795,195713800
2020-09-22T04:00:00+00:00,109.60585742567012,109.78094695116036,106.18189355316512,108.75959014892578,183055400
2020-09-23T04:00:00+00:00,108.57476272214052,109.05139236274285,103.8570754892734,104.1975326538086,150718700
2020-09-24T04:00:00+00:00,102.30072495573344,107.24213295365428,102.13536471776598,105.26751708984376,167743300
2020-09-25T04:00:00+00:00,105.471789131678,109.37238950555708,104.7325215412831,109.2167510986328,149981400
2020-09-28T04:00:00+00:00,111.8722854078883,112.17382557575708,109.70312127108636,111.82364654541016,137672400
2020-09-29T04:00:00+00:00,111.4248279384537,112.16408812965686,110.4715612207209,110.97737121582033,99382200
2020-09-30T04:00:00+00:00,110.68554987889232,114.06088154339488,110.52018964814512,112.6504364013672,142675200
2020-10-01T04:00:00+00:00,114.4305149590877,114.50833415980816,112.66989821496011,113.60370635986328,116120400
2020-10-02T04:00:00+00:00,109.81010332254507,112.22244654459766,109.15838422824464,109.93655395507812,144712000
2020-10-05T04:00:00+00:00,110.80227427302496,113.46751863303268,110.4520953152141,113.32160949707033,106243800
2020-10-06T04:00:00+00:00,112.5434428788478,112.95198998188178,109.18756954507072,110.07274627685548,161498200
2020-10-07T04:00:00+00:00,111.49291934511136,112.39754721573829,111.01628226939263,111.94036865234376,96849000
2020-10-08T04:00:00+00:00,113.07844398775582,113.224353141667,111.46372888130158,111.83336639404295,83477200
2020-10-09T04:00:00+00:00,112.13490552618048,113.80798131062522,111.78472652844798,113.77880096435548,100506900
2020-10-12T04:00:00+00:00,116.78448940909738,121.76480690611336,116.02577075981998,121.00608825683594,240226800
2020-10-13T04:00:00+00:00,121.85235887523848,121.96908768608208,116.38568943923732,117.79612731933594,262330500
2020-10-14T04:00:00+00:00,117.69886347897864,119.67347958796176,116.35651547623976,117.88368225097656,150712000
2020-10-15T04:00:00+00:00,115.48107949623656,117.89341592495558,114.92663054581534,117.41678619384766,112559200
2020-10-16T04:00:00+00:00,117.97121729976094,118.23385526990404,115.56860307094232,115.77287292480467,115393800
2020-10-19T04:00:00+00:00,116.68721586654202,117.1346651236104,112.50453415677372,112.81580352783205,120639300
2020-10-20T04:00:00+00:00,113.02980416838348,115.73396585696943,112.4753553252332,114.30406951904295,124423700
2020-10-21T04:00:00+00:00,113.4869857975519,115.47133103249566,113.27298669065874,113.68153381347656,89946000
2020-10-22T04:00:00+00:00,114.24570410467128,114.81961147307034,111.4637305673421,112.5920867919922,101988000
2020-10-23T04:00:00+00:00,113.2146263110706,113.3702647242428,111.16219112016252,111.90145874023438,82572600
2020-10-26T04:00:00+00:00,110.89955125203169,113.37025519408712,109.80037545983436,111.9111785888672,111850700
2020-10-27T04:00:00+00:00,112.3391745749253,114.08034029540528,111.41509565044464,113.41889190673828,92276800
2020-10-28T04:00:00+00:00,111.9111833730848,112.28081345722651,108.06894369566764,108.1662139892578,143937800
2020-10-29T04:00:00+00:00,109.30429098085882,113.73988133267714,109.13892333116604,112.1738052368164,146129200
2020-10-30T04:00:00+00:00,108.03003661879342,108.93466447069504,104.78116272521534,105.89006042480467,190272600
2021-03-15T04:00:00+00:00,118.47820271779908,121.00565599103152,117.51210381348422,120.9958953857422,92403800
2021-03-16T04:00:00+00:00,122.66457779013874,124.14787681040364,121.70824712129856,122.5377197265625,115227900
2021-03-17T04:00:00+00:00,121.05444515870832,122.82073491932012,119.38573166517872,121.74729919433594,111932600
2021-03-18T04:00:00+00:00,119.91268883951182,120.2054474121064,117.41451014863442,117.61943817138672,121229700
2021-03-19T04:00:00+00:00,117.00466041109058,118.49771283246504,116.78997177230154,117.0924835205078,185549500
2021-03-22T04:00:00+00:00,117.42426532921458,120.8787820785301,117.35595599145238,120.41036987304688,111912300
2021-03-23T04:00:00+00:00,120.35182605450146,121.23984748167706,119.19055981995824,119.58090209960938,95467100
2021-03-24T04:00:00+00:00,119.85414272084952,119.93221266793454,117.1705497123712,117.1900634765625,88530500
2021-03-25T04:00:00+00:00,116.65335360086424,118.72216260318802,116.12639260654136,117.67799377441406,98844700
2021-03-26T04:00:00+00:00,117.44380942975744,118.5465271679738,116.04834050200608,118.28304290771484,94071200
2021-03-29T04:00:00+00:00,118.7123798784684,119.61992240317302,117.81459795697702,118.45865631103516,80819200
2021-03-30T04:00:00+00:00,117.20957431035724,117.49257225961917,115.98975941448322,117.00464630126952,85671900
2021-03-31T04:00:00+00:00,118.71241420148334,120.537252936558,118.2244881319706,119.2003402709961,118323800
2021-04-01T04:00:00+00:00,120.67385866207344,121.181298412614,119.53210619432762,120.02979278564452,75089100
2021-04-05T04:00:00+00:00,120.87879330428332,123.11349534026344,120.09810870436394,122.85977172851562,88651200
2021-04-06T04:00:00+00:00,123.44527518865388,124.0600592543952,122.6158024965763,123.16227722167967,80171300
2021-04-07T04:00:00+00:00,122.79145672607788,124.830983795515,122.11811647580448,124.81147003173828,83466700
2021-04-08T04:00:00+00:00,125.83612685765556,127.24135628131242,125.41651759687218,127.21208190917967,88844600
2021-04-09T04:00:00+00:00,126.66559142580684,129.82734234724018,126.34355848189794,129.78831481933594,106686700
2021-04-12T04:00:00+00:00,129.31992075985053,129.64195373047176,127.4755609392533,128.07083129882812,91420000
2021-04-13T04:00:00+00:00,129.2418559434714,131.40824882078488,128.74416183713194,131.1837921142578,91266500
2021-04-14T04:00:00+00:00,131.68149986798167,131.7400486182492,128.48070580389006,128.84176635742188,87222800
2021-04-15T04:00:00+00:00,130.58850307773702,131.7400011254066,130.41284199993794,131.2520751953125,89347100
2021-04-16T04:00:00+00:00,131.05695257379082,131.41801312050643,130.06157916706454,130.9203338623047,84922400
2021-04-19T04:00:00+00:00,130.28600775000282,132.1986844065799,130.1201146808097,131.58389282226562,94264200
2021-04-20T04:00:00+00:00,131.75955677302224,132.2572359912941,128.6270649312646,129.8956756591797,94812300
2021-04-21T04:00:00+00:00,129.16375927769226,130.52019283566136,128.12935863654846,130.27622985839844,68847100
2021-04-22T04:00:00+00:00,129.82733444067082,130.9105306804626,128.2367059174283,128.75390625,84566500
2021-04-23T04:00:00+00:00,128.96858764628234,131.85710086380988,128.96858764628234,131.07643127441406,78657500
2021-04-26T04:00:00+00:00,131.57414120224303,131.79858301727063,130.33480485867753,131.466796875,66905100
2021-04-27T04:00:00+00:00,131.7497529967639,132.14010267121745,130.8714922872991,131.1447296142578,66015800
2021-04-28T04:00:00+00:00,131.06664617273358,131.7595074670397,129.86635268940591,130.35427856445312,107760100
2021-04-29T04:00:00+00:00,133.17451655261294,133.76003367761894,129.25158755183847,130.2567138671875,151101000
2021-04-30T04:00:00+00:00,128.59778738715457,130.3348029182655,127.90494074098224,128.2855224609375,109839500
2021-05-03T04:00:00+00:00,128.85149050777056,130.83248375117557,128.64656992797262,129.33941650390625,75135100
2021-05-04T04:00:00+00:00,128.02202969252124,128.31478827842903,123.64044873461124,124.76268005371094,137564700
2021-05-05T04:00:00+00:00,126.08008114657817,127.29989620196363,124.8797873013686,125.00665283203124,84000900
2021-05-06T04:00:00+00:00,124.80173838054756,126.6168240844227,124.06008861725752,126.60707092285156,78128300
2021-05-07T04:00:00+00:00,127.90710717088058,128.3078746771566,126.56790918989904,127.28150177001952,78973300
2021-05-10T04:00:00+00:00,126.49952288698726,126.62658899435064,123.9579919211375,123.9970932006836,88071200
2021-05-11T04:00:00+00:00,120.72241523440556,123.43011308818836,120.00883006535094,123.07821655273438,126142800
2021-05-12T04:00:00+00:00,120.62467824901437,121.83678798561996,119.50054079091288,120.00884246826172,112172300
2021-05-13T04:00:00+00:00,121.77814989768362,123.31283969833798,121.4653471184995,122.1593780517578,105861300
2021-05-14T04:00:00+00:00,123.41059429901937,125.0137095412098,123.01958894433238,124.58360290527344,81918000
2021-05-17T04:00:00+00:00,123.96777091361952,124.07529756948796,122.35487853339956,123.43013763427734,74244600
2021-05-18T04:00:00+00:00,123.71362442115952,124.13395388767104,121.9736583600026,122.04208374023438,63342900
2021-05-19T04:00:00+00:00,120.39008503908885,122.1104965529405,120.09682917810171,121.88567352294922,92612000
2021-05-20T04:00:00+00:00,122.41353999757484,124.84753700244316,122.28645896670808,124.4467544555664,76857100
2021-05-21T04:00:00+00:00,124.94527906751188,125.12123109705438,122.393978368049,122.6090316772461,79295400
2021-05-24T04:00:00+00:00,123.17598087438682,125.06257461018312,123.10755550398204,124.24146270751952,63092900
2021-05-25T04:00:00+00:00,124.94526644040783,125.4340286577924,123.47900216167147,124.04595947265624,72009500
2021-05-26T04:00:00+00:00,124.1046198549837,124.52494928784591,123.57676376782136,123.9970932006836,56575900
2021-05-27T04:00:00+00:00,123.5963016672836,124.76931006613658,122.26688817108727,122.46238708496094,94625600
2021-05-28T04:00:00+00:00,122.74588055296678,122.9707110430963,121.74882403932074,121.8074722290039,71311100
2021-06-01T04:00:00+00:00,122.2668967957017,122.53082109382872,121.15253650084358,121.4848861694336,67637100
2021-06-02T04:00:00+00:00,121.48488111421776,122.42328935200692,121.26005810254009,122.2473373413086,59278900
2021-06-03T04:00:00+00:00,121.87589598051592,122.04207082094376,120.36075313288092,120.76153564453124,76229200
2021-06-04T04:00:00+00:00,121.27961057589916,123.32260943039988,121.06455727986688,123.05867767333984,75169300
2021-06-07T04:00:00+00:00,123.33238286431768,123.47901079400312,122.02252359682196,123.0684585571289,71057600
2021-06-08T04:00:00+00:00,123.75269852496304,125.57087420996749,123.37147042485412,123.8895492553711,74403800
2021-06-09T04:00:00+00:00,124.34898502209968,124.8768410573178,123.67450106746446,124.27078247070312,56877900
2021-06-10T04:00:00+00:00,124.16324952672848,125.3069412739044,123.10754496766629,123.27371978759766,71186400
2021-06-11T04:00:00+00:00,123.68429747068124,124.5738348509832,123.26396801386512,124.48585510253906,53522400
2021-06-14T04:00:00+00:00,124.94525422632002,127.6040735939575,124.21212215861956,127.54542541503906,96906500
2021-06-15T04:00:00+00:00,127.01759055855872,127.66275042731246,126.47995733459727,126.72433471679688,62746300
2021-06-16T04:00:00+00:00,127.43793082295224,127.94624002739722,125.57089869031938,127.2228775024414,91815000
2021-06-17T04:00:00+00:00,126.88073910539828,129.56889029442954,126.73410372753868,128.8259735107422,96721700
2021-06-18T04:00:00+00:00,127.77025624862196,128.5522518117248,127.31082565171394,127.52587890625,108953300
2021-06-21T04:00:00+00:00,127.36948968462076,129.43203530764706,126.304007918975,129.3245086669922,79663300
2021-06-22T04:00:00+00:00,129.15833692853147,131.0644774987528,128.65979753012715,130.9667205810547,74783600
2021-06-23T04:00:00+00:00,130.76145650954527,131.29908974446735,130.23359300049012,130.69302368164062,60214200
2021-06-24T04:00:00+00:00,131.4261492149737,131.6118784063628,129.94033059947196,130.4095458984375,68711000
2021-06-25T04:00:00+00:00,130.45846741177152,130.87878947575115,129.8230770780785,130.1163330078125,70783700
2021-06-28T04:00:00+00:00,130.40955023475712,132.20816419376467,130.3509020493391,131.7487335205078,62111300
2021-06-29T04:00:00+00:00,131.76828191642397,133.4202753370262,131.3284056301101,133.2638702392578,64556100
2021-06-30T04:00:00+00:00,133.1074588952949,134.31957597270352,132.81420307964328,133.87969970703125,63261400
2021-07-01T04:00:00+00:00,133.52780965332033,134.24138744394435,132.70669030063868,134.1827392578125,52485800
2021-07-02T04:00:00+00:00,134.79857347065126,136.85134968212856,134.65195299080864,136.812255859375,78852600
2021-07-06T04:00:00+00:00,136.91978685791386,139.93050352064463,136.91978685791386,138.825927734375,108181800
2021-07-07T04:00:00+00:00,140.31173951662257,141.63138361305735,139.45154110030262,141.31858825683594,104911600
2021-07-08T04:00:00+00:00,138.39579381995796,140.8200131513889,137.50625661436462,140.01846313476562,105575500
2021-07-09T04:00:00+00:00,139.53946698760842,142.37423828416007,139.44171008126813,141.8463897705078,99890800
2021-07-12T04:00:00+00:00,142.92170074885988,143.0292274131984,140.76139773464533,141.25015258789062,76299700
2021-07-13T04:00:00+00:00,140.79071085179643,144.1435766396761,140.39971296594135,142.364501953125,100827100
2021-07-14T04:00:00+00:00,144.76917436169552,146.20611463354894,144.35860721349815,145.79554748535156,127050800
2021-07-15T04:00:00+00:00,145.88352652438826,146.626428391954,143.7818721014033,145.14060974121094,106820300
2021-07-16T04:00:00+00:00,145.12110865625078,146.39185943911193,142.59913163129056,143.09765625,93251400
2021-07-19T04:00:00+00:00,140.51698106699695,140.82979124521293,138.48375965542388,139.2462158203125,121434600
2021-07-20T04:00:00+00:00,140.23354853774924,143.7916832596006,139.74479368631023,142.863037109375,96350000
2021-07-21T04:00:00+00:00,142.2569638271825,142.8434755242887,141.3772111971352,142.1298828125,74993500
2021-07-22T04:00:00+00:00,142.65775422849268,144.86692056753935,142.53067320676791,143.4984130859375,77338200
2021-07-23T04:00:00+00:00,144.2315469505393,145.37523141238975,143.6157111189225,145.2188262939453,71447400
2021-07-26T04:00:00+00:00,144.9353520535012,146.46026463758602,144.37816442398642,145.63916015625,72434100
2021-07-27T04:00:00+00:00,145.7661622519498,145.85414941286578,142.2764622808718,143.46902465820312,104818600
2021-07-28T04:00:00+00:00,141.5531854827955,143.6646101370385,139.33423415868967,141.7193603515625,118931200
2021-07-29T04:00:00+00:00,141.43587078750923,143.25403929640055,141.32834413155712,142.364501953125,56699500
2021-07-30T04:00:00+00:00,141.13283410460213,143.03897475076792,140.86890234879084,142.5795440673828,70440600
2021-08-02T04:00:00+00:00,143.06829681635188,143.6450238649846,141.98326063074202,142.2471923828125,62880000
2021-08-03T04:00:00+00:00,142.53066410966022,144.710506214658,141.91482832443904,144.04580688476562,64786600
2021-08-04T04:00:00+00:00,143.95782973398676,144.46612394001684,142.99008994933277,143.64501953125,56368300
2021-08-05T04:00:00+00:00,143.67436091646556,144.51501979299104,142.8825805044523,143.7525634765625,46397700
2021-08-06T04:00:00+00:00,143.2728671370131,144.01688208379585,142.56800458197282,143.06727600097656,54126800
2021-08-09T04:00:00+00:00,143.12601355653302,143.61550061721744,142.4603183242228,143.01832580566406,48908700
2021-08-10T04:00:00+00:00,143.3610006082751,144.60430216687507,142.24497049035554,142.53866577148438,69023100
2021-08-11T04:00:00+00:00,142.97915931025486,143.63507011431875,142.47008863472837,142.79315185546875,48493500
2021-08-12T04:00:00+00:00,143.11624821655573,145.91611517335826,142.7736012533468,145.7594757080078,72282600
2021-08-13T04:00:00+00:00,145.83780119397264,146.29792030536527,145.1525221784822,145.96507263183594,59375000
2021-08-16T04:00:00+00:00,145.41679586878547,148.01108601151154,143.39032739407136,147.9425506591797,103296000
2021-08-17T04:00:00+00:00,147.0712721415507,148.4907815727172,145.95524228570045,147.03211975097656,92229700
2021-08-18T04:00:00+00:00,146.65031157772893,147.55096588599457,143.07704743235058,143.2826385498047,86326000
2021-08-19T04:00:00+00:00,141.9806088621801,144.88816305914702,141.4617537976131,143.61549377441406,86960300
2021-08-20T04:00:00+00:00,144.33997276831565,145.37768313326703,143.69384614705683,145.07420349121094,60549600
2021-08-23T04:00:00+00:00,145.1916676965958,147.03214405494413,144.7805003067872,146.56224060058594,60131800
2021-08-24T04:00:00+00:00,146.30771250686072,147.6880699149707,146.0140172165024,146.47413635253906,48606400
2021-08-25T04:00:00+00:00,146.6600946599799,147.1593809674563,144.69236226933418,145.24058532714844,58991300
2021-08-26T04:00:00+00:00,145.23081728174645,145.98461660195343,144.4084676646739,144.43783569335938,48597200
2021-08-27T04:00:00+00:00,144.379079140009,145.62238028371488,143.74275202487664,145.4755401611328,55802400
2021-08-30T04:00:00+00:00,145.86714409511154,150.26274327805922,145.48534478526688,149.9005126953125,90956700
2021-08-31T04:00:00+00:00,149.45019988712295,149.587255672955,148.10899512080897,148.6376495361328,86453100
2021-09-01T04:00:00+00:00,149.61662363000326,151.72141211238971,149.1369209108447,149.3033447265625,80313700
2021-09-02T04:00:00+00:00,150.63473278654652,151.46686670695442,149.1956397332981,150.4193572998047,71115500
2021-09-03T04:00:00+00:00,150.5270858591112,151.3788036741578,149.87117485816617,151.0557403564453,57808700
2021-09-07T04:00:00+00:00,151.71162530218976,153.9534695341939,151.14381850232894,153.3954620361328,82278300
2021-09-08T04:00:00+00:00,153.67933999735516,153.73807604944514,150.74241788918883,151.84866333007812,74420200
2021-09-09T04:00:00+00:00,152.22067721794593,152.8276363360627,150.71304884732544,150.83053588867188,57305700
2021-09-10T04:00:00+00:00,151.74099688432676,152.21090030495253,145.57345660401688,145.83778381347656,140893200
2021-09-13T04:00:00+00:00,147.4628570574199,148.23623993767643,145.62238117403191,146.4055633544922,102404300
2021-09-14T04:00:00+00:00,147.1887688532645,147.8936314335505,143.8210954003336,145.00564575195312,109296300
2021-09-15T04:00:00+00:00,145.4364262730643,146.2979284766344,143.2924700678834,145.89654541015625,83281300
2021-09-16T04:00:00+00:00,145.3189280621593,145.83778317678434,144.12457838073104,145.66156005859375,68034100
2021-09-17T04:00:00+00:00,145.69096176910773,145.69096176910773,142.69528787817018,142.98898315429688,129868800
2021-09-20T04:00:00+00:00,140.776504047189,141.79463072276096,138.299700320941,139.93458557128906,123478900
2021-09-21T04:00:00+00:00,140.90374795912803,141.55967381165956,139.77793361611074,140.4142608642578,75834000
2021-09-22T04:00:00+00:00,141.412798340786,143.35116277449677,140.67856780429392,142.7833709716797,76404300
2021-09-23T04:00:00+00:00,143.56654423015996,143.98751085632557,142.57778577756685,143.74276733398438,64838200
2021-09-24T04:00:00+00:00,142.5973544777521,144.36929500348063,142.49945110390598,143.8308563232422,53477900
2021-09-27T04:00:00+00:00,142.41134942041117,142.89105205957617,140.7960482905426,142.31344604492188,74150700
2021-09-28T04:00:00+00:00,140.23804551701713,141.7065067266194,138.71084824910437,138.9262237548828,108972300
2021-09-29T04:00:00+00:00,139.47447294320193,141.41283791942243,139.04372185116122,139.826904296875,74602000
2021-09-30T04:00:00+00:00,140.63944453543033,141.34430719144615,138.30948103704677,138.5248565673828,89056700
2021-10-01T04:00:00+00:00,138.91641944607758,139.91497721524382,136.18508826736803,139.65065002441406,94639600
2021-10-04T04:00:00+00:00,138.77940085869702,139.2199512741239,135.36278987889122,136.21449279785156,98322000
2021-10-05T04:00:00+00:00,136.55710262635787,139.2492814021404,136.4298312131739,138.14303588867188,80861100
2021-10-06T04:00:00+00:00,136.53752462157624,139.16116814887556,135.46064709144002,139.0143280029297,83221100
2021-10-07T04:00:00+00:00,140.05206177202422,141.18767555165522,139.71921409322417,140.2772216796875,61732700
2021-10-08T04:00:00+00:00,141.00166195751655,141.1485021218367,139.56256859533212,139.89541625976562,58773200
2021-10-11T04:00:00+00:00,139.27865728167708,141.76524506387435,138.82832259745734,139.8072967529297,64452200
2021-10-12T04:00:00+00:00,140.21847431623635,140.2380579834007,138.0745183695577,138.53463745117188,73035900
2021-10-13T04:00:00+00:00,138.27031362663757,138.4269381369984,136.2731980054475,137.94725036621094,78762700
2021-10-14T04:00:00+00:00,139.12201855652793,140.85480700337075,138.53462808500012,140.73731994628906,69907100
2021-10-15T04:00:00+00:00,140.74712209396571,141.85335275996707,140.49257924677562,141.79461669921875,67940300
2021-10-18T04:00:00+00:00,140.4338327387145,143.75255436574946,140.14993682023066,143.46865844726562,85589200
2021-10-19T04:00:00+00:00,143.9189519954769,146.03353926826753,143.46863235317096,145.6321563720703,76378900
2021-10-20T04:00:00+00:00,145.57345046006543,146.60137628639336,145.00564367087514,146.12167358398438,58418800
2021-10-21T04:00:00+00:00,145.68112531490897,146.4936755651962,144.76088732210272,146.3370361328125,61421000
2021-10-22T04:00:00+00:00,146.54261839545387,147.0223060884354,145.51469272227448,145.5636444091797,58883400
2021-10-25T04:00:00+00:00,145.55384660101817,146.22934104854468,144.51613655500375,145.5146942138672,50720600
2021-10-26T04:00:00+00:00,146.1901890254086,147.66843438585144,145.87691017558996,146.18040466308594,60893400
2021-10-27T04:00:00+00:00,146.2195472069919,146.58176278199775,145.3678446655644,145.72027587890625,56094900
2021-10-28T04:00:00+00:00,146.66991219108917,149.94946658313845,146.57200880232836,149.36209106445312,100077900
2021-10-29T04:00:00+00:00,144.12458950466566,146.787400645377,143.33162275650557,146.6503448486328,124953200
2021-11-01T04:00:00+00:00,145.85737096055496,146.55243427503285,144.692389276276,145.8280029296875,74588300
2021-11-02T04:00:00+00:00,145.5343170652365,148.3831357467227,145.52451776234176,146.86572265625,69122000
2021-11-03T04:00:00+00:00,147.2278865120236,148.77466709062185,146.66987914808706,148.3047637939453,54511500
2021-11-04T04:00:00+00:00,148.39289360081148,149.22501261030823,147.4726555708135,147.7859344482422,60394600
2021-11-05T04:00:00+00:00,148.91341509690008,149.21733764155343,147.11927576323106,148.31536865234375,65463900
2022-03-14T04:00:00+00:00,148.67121841249335,151.29222791354923,147.34599696795414,147.8564453125,108732100
2022-03-15T04:00:00+00:00,148.13130557762204,152.7156343655335,147.62085723702054,152.2444305419922,92964300
2022-03-16T04:00:00+00:00,154.1684452970025,157.06431562049127,151.62597028281274,156.66183471679688,102300200
2022-03-17T04:00:00+00:00,155.6998279417029,158.04597567713608,154.73781315339022,157.67294311523438,75615400
2022-03-18T04:00:00+00:00,157.5649793576743,161.4621395458107,156.82874025380204,160.9713134765625,123511700
2022-03-21T04:00:00+00:00,160.50992724401203,163.29783055310392,160.01910120084528,162.3456268310547,95811400
2022-03-22T04:00:00+00:00,162.4732228455479,166.31148589554496,161.88424061211234,165.72250366210938,81532000
2022-03-23T04:00:00+00:00,164.90773681905242,169.4724129582103,164.57396373096856,167.08700561523438,98062700
2022-03-24T04:00:00+00:00,167.9213927494687,170.94488277941835,167.08699751675573,170.8761749267578,90131400
2022-03-25T04:00:00+00:00,170.68966756106184,172.06397447426608,169.5803959233043,171.51425170898438,80546200
2022-03-28T04:00:00+00:00,169.01097849628582,172.50565629858158,168.84409949772865,172.3780517578125,90371900
2022-03-29T04:00:00+00:00,173.4480832850724,175.7255079917634,173.10449911531725,175.6764373779297,100589400
2022-03-30T04:00:00+00:00,175.2739882330989,176.31453707900522,173.45792582774143,174.50830078125,92633200
2022-03-31T04:00:00+00:00,174.57698164903633,174.76349791877144,171.200096496919,171.40625,103049300
2022-04-01T04:00:00+00:00,170.83689401317795,171.67130419323556,168.78524495629924,171.11175537109375,78751300
2022-04-04T04:00:00+00:00,171.3669966643139,175.21507070313862,171.2393771112145,175.16598510742188,76468400
2022-04-05T04:00:00+00:00,174.2432251533462,175.0285497272662,171.21973527998745,171.84799194335938,73401800
2022-04-06T04:00:00+00:00,169.19755100896808,170.44425332917226,167.00847109179497,168.67727661132812,89058800
2022-04-07T04:00:00+00:00,168.0195678303507,170.17919933632717,166.73360604638012,168.98158264160156,77594700
2022-04-08T04:00:00+00:00,168.6281714448174,168.6281714448174,166.09550760626425,166.96917724609375,76575500
2022-04-11T04:00:00+00:00,165.61451299486157,165.928633841103,162.46340353204835,162.7088165283203,72246700
2022-04-12T04:00:00+00:00,164.93716605572558,166.75321318939567,163.5824815614611,164.58377075195312,79265200
2022-04-13T04:00:00+00:00,164.3187163524491,167.90173991390134,163.71009694763094,167.2734832763672,70618900
2022-04-14T04:00:00+00:00,167.4894547350742,168.12753750441655,162.01183493170848,162.2572479248047,75329400
2022-04-18T04:00:00+00:00,160.91241188828883,163.54324732904448,160.5688426374783,162.04132080078125,69023900
2022-04-19T04:00:00+00:00,161.99221543879506,164.7408440040976,160.90258113171808,164.3285369873047,67723800
2022-04-20T04:00:00+00:00,165.66359329680822,165.7814017275046,163.05241024771163,164.1616668701172,67929800
2022-04-21T04:00:00+00:00,165.81086584120527,168.38278964359662,162.8659094340129,163.36654663085938,87227800
2022-04-22T04:00:00+00:00,163.405768839327,164.789886524094,158.53676921276283,158.82144165039062,84882400
2022-04-25T04:00:00+00:00,158.16376241881838,160.17615197605645,155.55257953271186,159.8914794921875,96046400
2022-04-26T04:00:00+00:00,159.27305079434743,159.36139588708184,153.84451596249764,153.9230499267578,95623200
2022-04-27T04:00:00+00:00,153.04938688433683,156.85818695569935,152.52911245475866,153.69728088378906,88063200
2022-04-28T04:00:00+00:00,156.3280759248776,161.5013859909982,156.01394010524191,160.6375274658203,130216800
2022-04-29T04:00:00+00:00,158.87057095053723,163.15057467016825,154.3647914438503,154.7574462890625,131747600
2022-05-02T04:00:00+00:00,153.83470249054395,155.32680285229077,150.45781697290937,155.061767578125,123055300
2022-05-03T04:00:00+00:00,155.24827964309745,157.76132169874938,153.45186941180674,156.5538787841797,88966500
2022-05-04T04:00:00+00:00,156.74036579119067,163.42541320530594,156.33788489489382,162.97386169433594,108256500
2022-05-05T04:00:00+00:00,160.84366707784005,161.0694428169404,152.10695632876542,153.89356994628906,130525300
2022-05-06T04:00:00+00:00,153.3725293282909,156.74455042350417,151.57346504147074,154.62106323242188,116124600
2022-05-09T04:00:00+00:00,152.31079472594658,153.19558860822082,148.92896288962842,149.48931884765625,131577900
2022-05-10T04:00:00+00:00,152.89082298326753,154.09019917635914,150.3445974581009,151.89788818359375,115366700
2022-05-11T04:00:00+00:00,150.90500752836363,152.8220388257889,143.3450083341386,144.02334594726562,142689800
2022-05-12T04:00:00+00:00,140.35638928215414,143.72839581595062,136.45350338099348,140.14993286132812,182602000
2022-05-13T04:00:00+00:00,142.14559929622243,145.59626984264398,140.69062395231782,144.6230010986328,113990900
2022-05-16T04:00:00+00:00,143.08936935150413,145.02606620057162,141.7425200447831,143.07952880859375,86643800
2022-05-17T04:00:00+00:00,146.3434146138869,147.23803400578663,144.20026129048028,146.7169952392578,78336300
2022-05-18T04:00:00+00:00,144.36740373329286,144.86877642522347,137.5348863581385,138.43934631347656,109742900
2022-05-19T04:00:00+00:00,137.5152426451712,139.26514939022877,134.29069437332384,135.02801513671875,136095600
2022-05-20T04:00:00+00:00,136.73854176661536,138.3213237171449,130.368096804599,135.26390075683594,137426100
2022-05-23T04:00:00+00:00,135.46055909436765,140.83808619870993,135.32292649026942,140.6906280517578,117726300
2022-05-24T04:00:00+00:00,138.42951103300464,139.5699040628069,135.0083469444269,137.98712158203125,104132700
2022-05-25T04:00:00+00:00,136.0897458139781,139.39294348204788,136.00127092128338,138.14442443847656,92482700
2022-05-26T04:00:00+00:00,135.067317332939,141.89981931591748,134.82154377239428,141.3492889404297,90601500
2022-05-27T04:00:00+00:00,142.93209356986327,147.1495619264336,142.80428649817537,147.11024475097656,90978500
2022-05-31T04:00:00+00:00,146.5498987721629,148.11301536783856,144.3575873194881,146.3237762451172,103718400
2022-06-01T04:00:00+00:00,147.36585369453903,149.17475890329976,145.18338279118626,146.19598388671875,74286600
2022-06-02T04:00:00+00:00,145.3308082766631,148.712654512819,144.37720576236944,148.65367126464844,72348100
2022-06-03T04:00:00+00:00,144.4165490295479,145.46846714813478,142.01781149904664,142.92225646972656,88570300
2022-06-06T04:00:00+00:00,144.54440247457217,146.05837660760338,142.45040610913514,143.66944885253906,71598400
2022-06-07T04:00:00+00:00,141.9096914369881,146.48107468002564,141.66391782175316,146.19598388671875,67808200
2022-06-08T04:00:00+00:00,146.06817770971523,147.33636297180345,144.96711670692042,145.4586639404297,53950200
2022-06-09T04:00:00+00:00,144.5935179486459,145.44880522785593,140.12043568225835,140.22857666015625,69473000
2022-06-10T04:00:00+00:00,137.90850957422035,138.38039078296666,134.74294375558222,134.811767578125,91437900
2022-06-13T04:00:00+00:00,130.6237359424125,132.91434748083088,129.2179182819536,129.65048217773438,122207100
2022-06-14T04:00:00+00:00,130.87931897306603,131.62646506958663,129.25720474921692,130.51556396484375,84784300
2022-06-15T04:00:00+00:00,132.01969996284308,135.01813996515114,129.92571973239964,133.1404266357422,91533000
2022-06-16T04:00:00+00:00,129.84712216174927,130.15187905380364,126.85850650886532,127.86126708984376,108123900
2022-06-17T04:00:00+00:00,127.87109072638007,130.8301993524765,127.61547659200777,129.3358917236328,134520300
2022-06-21T04:00:00+00:00,131.16443535080262,134.74289788395257,131.06613492456364,133.57301330566406,81000500
2022-06-22T04:00:00+00:00,132.5112679712454,135.4310591073431,131.64615522779903,133.0618133544922,73409200
2022-06-23T04:00:00+00:00,134.5069807437755,136.24704700188127,133.33709602733944,135.93246459960938,72433800
2022-06-24T04:00:00+00:00,137.53488121755194,139.51091028418583,137.40708916408835,139.26513671875,89116800
2022-06-27T04:00:00+00:00,140.2875481505987,141.06420101783954,138.58679927801467,139.26513671875,70207900
2022-06-28T04:00:00+00:00,139.72720035167993,140.99538542275212,134.99851907769516,135.11648559570312,67083400
2022-06-29T04:00:00+00:00,135.1361545226192,138.29187895229046,134.35950159386607,136.876220703125,66242400
2022-06-30T04:00:00+00:00,134.9297150126528,136.0307760106686,131.50855048251,134.40867614746094,98964500
2022-07-01T04:00:00+00:00,133.74014164921843,136.68942454210836,133.36657601668242,136.58128356933594,71051600
2022-07-05T04:00:00+00:00,135.44093330808735,139.21601258350773,134.61512252841348,139.16685485839844,73353800
2022-07-06T04:00:00+00:00,138.96037976700046,141.68354006887108,138.69494011634768,140.5038299560547,74064300
2022-07-07T04:00:00+00:00,140.86757338185674,144.07247034886072,140.857747839313,143.8758544921875,66253700
2022-07-08T04:00:00+00:00,142.80429232334566,145.05558698146706,142.54869317037367,144.55419921875,64547800
2022-07-11T04:00:00+00:00,143.20734636825597,144.1609490492264,141.34929872199135,142.42086791992188,63141600
2022-07-12T04:00:00+00:00,143.29583433994398,145.94036067600746,142.59784571642712,143.39414978027344,77588800
2022-07-13T04:00:00+00:00,140.5726447543378,143.9741422785196,139.71734260162484,143.03038024902344,71185600
2022-07-14T04:00:00+00:00,141.64422349086814,146.4318877608006,140.82825345087886,145.9600067138672,78140700
2022-07-15T04:00:00+00:00,147.24786517980246,148.30960883923063,145.69457436327764,147.6312713623047,76259900
2022-07-18T04:00:00+00:00,148.1916489524308,149.00761906982018,144.219939344917,144.5836944580078,81420900
2022-07-19T04:00:00+00:00,145.41931789638997,148.67335787183444,144.42639797966964,148.44725036621094,82982400
2022-07-20T04:00:00+00:00,148.56520429371037,151.1212554478555,147.8278835762641,150.45274353027344,64823400
2022-07-21T04:00:00+00:00,151.8880425808107,152.93996049681533,149.37132401649703,152.7236785888672,65086600
2022-07-22T04:00:00+00:00,152.76302623024424,153.63797957756256,150.8165036712,151.48500061035156,66675400
2022-07-25T04:00:00+00:00,151.40635064916066,152.4189365975324,149.70560167774437,150.36427307128906,53623900
2022-07-26T04:00:00+00:00,149.68590959456228,150.50187953761252,148.25060053874955,149.03707885742188,55138700
2022-07-27T04:00:00+00:00,150.00050995604346,154.6702072541214,149.58761220557574,154.1393280029297,78620700
2022-07-28T04:00:00+00:00,154.32612531182656,154.97497109241723,151.79958098557822,154.68988037109375,81378700
2022-07-29T04:00:00+00:00,158.51413057382698,160.86372535437394,156.8035410889223,159.7626495361328,101786900
2022-08-01T04:00:00+00:00,158.287993908895,160.82437877972106,158.17002740354454,158.779541015625,67829400
2022-08-02T04:00:00+00:00,157.39339100369006,159.66433625726012,156.93133551910432,157.30490112304688,59907000
2022-08-03T04:00:00+00:00,158.12087978749662,163.77367187577843,158.0324049028353,163.3214569091797,82507500
2022-08-04T04:00:00+00:00,163.20348231849744,164.3635414140804,161.65019149607585,163.00686645507812,55474100
2022-08-05T04:00:00+00:00,160.673712879285,163.27268651132164,160.46696968304354,162.78045654296875,56697000
2022-08-08T04:00:00+00:00,163.7845816314674,165.20220622926757,161.64830554399492,162.30789184570312,60276900
2022-08-09T04:00:00+00:00,161.47109366714804,163.24312423537512,160.71305544763848,162.3571014404297,63135500
2022-08-10T04:00:00+00:00,165.07421541409994,166.7084223205678,164.30633795620102,166.6099853515625,70170500
2022-08-11T04:00:00+00:00,167.41722179567384,168.33277716959444,165.5762868798472,165.8716278076172,57149200
2022-08-12T04:00:00+00:00,167.18101514337496,169.49448727889876,166.76752869776186,169.4255828857422,68039400
2022-08-15T04:00:00+00:00,168.85458034142326,170.69551570107745,168.6872239470608,170.49862670898438,54091700
2022-08-16T04:00:00+00:00,170.0949952329147,171.01055083145,168.99240485518098,170.3411102294922,56377100
2022-08-17T04:00:00+00:00,170.08511101015677,173.412574668192,169.88822206935535,171.8374481201172,79542000
2022-08-18T04:00:00+00:00,171.04988664773987,172.1820093852319,170.4296721798688,171.44366455078125,62290100
2022-08-19T04:00:00+00:00,170.34108214913311,171.04005523372263,168.6478100500787,168.85455322265625,70346300
2022-08-22T04:00:00+00:00,167.05299243394208,167.22034880392278,164.54261684090196,164.9659423828125,69026800
2022-08-23T04:00:00+00:00,164.4835473638596,166.0882216660332,164.06022183299058,164.63121032714844,54147100
2022-08-24T04:00:00+00:00,164.71984652905635,165.4975632823113,163.66646716905697,164.92657470703125,53841500
2022-08-25T04:00:00+00:00,166.15713573322356,167.49600175790545,165.73382519932846,167.38771057128906,51218200
2022-08-26T04:00:00+00:00,167.91932427745144,168.3918608006587,161.01825109648692,161.0773162841797,78961000
2022-08-29T04:00:00+00:00,158.645710009374,160.36851486839709,157.33639153558275,158.8721466064453,73314000
2022-08-30T04:00:00+00:00,159.6104987851323,160.03380935929164,155.26902673828752,156.44053649902344,77906200
2022-08-31T04:00:00+00:00,157.8187409544185,158.08454929439134,154.6980053329991,154.77676391601562,87991100
2022-09-01T04:00:00+00:00,154.20578537018633,155.95812264539694,152.26639832599292,155.50527954101562,74229900
2022-09-02T04:00:00+00:00,157.26747699870455,157.8679981690185,152.56175963985066,153.38870239257812,76957800
2022-09-06T04:00:00+00:00,154.03842495785003,154.64878522236114,151.30162793601315,152.12857055664062,73714800
2022-09-07T04:00:00+00:00,152.41407808901712,154.2353197614945,151.22287508520006,153.53636169433594,87449600
2022-09-08T04:00:00+00:00,152.23685741248187,153.93012940950055,150.30730966413597,152.05966186523438,84923800
2022-09-09T04:00:00+00:00,153.05397081020374,155.36745741692656,152.34515853161906,154.9244384765625,68028800
2022-09-12T04:00:00+00:00,157.10992184119257,161.70734689387623,156.82443513422925,160.89024353027344,104956000
2022-09-13T04:00:00+00:00,157.4151508670422,158.04520467768552,150.98662815133733,151.44932556152344,122656600
2022-09-14T04:00:00+00:00,152.38451533184278,154.65862993133453,151.22286005828988,152.8964385986328,87965400
2022-09-15T04:00:00+00:00,152.24668790524385,152.82753054970132,149.02751547416497,150.0021209716797,90481100
2022-09-16T04:00:00+00:00,148.86017738849526,148.99800116372188,146.06430005699622,148.35809326171875,162278800
2022-09-19T04:00:00+00:00,146.98970508767258,152.15811955641868,146.78297692105565,152.07936096191406,81474200
2022-09-20T04:00:00+00:00,151.0161665383874,155.62344741041255,150.70114713182537,154.46177673339844,107689800
2022-09-21T04:00:00+00:00,154.8949324005984,156.2731854100913,151.21306162383578,151.33119201660156,101696800
2022-09-22T04:00:00+00:00,150.0120183626199,152.06953614035308,148.56486097289033,150.36642456054688,86652500
2022-09-23T04:00:00+00:00,148.84046890574132,149.1161164282667,146.25133501023848,148.09226989746094,96029900
2022-09-26T04:00:00+00:00,147.3342661670832,151.38039679019585,147.31457276382835,148.42701721191406,93339400
2022-09-27T04:00:00+00:00,150.3664234461509,152.31565000946952,147.6197716771559,149.40164184570312,84442700
2022-09-28T04:00:00+00:00,145.34565069913458,148.29903022974963,142.58916013289422,147.51145935058594,146691400
2022-09-29T04:00:00+00:00,143.82960922766318,144.439969608928,138.4938229117654,140.26585388183594,128138200
2022-09-30T04:00:00+00:00,139.0844911492741,140.8762153477741,135.85546393289223,136.05235290527344,124925300
2022-10-03T04:00:00+00:00,136.0621976067289,140.84667290730152,135.55027429699052,140.23629760742188,114311700
2022-10-04T04:00:00+00:00,142.77621059568105,143.9477202186119,142.01817230643195,143.82958984375,87830100
2022-10-05T04:00:00+00:00,141.83113033653302,145.08968986509632,140.7875903322469,144.12490844726562,79471000
2022-10-06T04:00:00+00:00,143.54408244476417,145.24719370943012,142.96325476225735,143.16998291015625,68402200
2022-10-07T04:00:00+00:00,140.32490279514894,140.8762129387206,137.28292541213156,137.91297912597656,85925600
2022-10-10T04:00:00+00:00,138.23785400390625,139.68501122355408,136.41661224606074,138.23785400390625,74899000
2022-10-11T04:00:00+00:00,137.7259221748937,139.15340092464973,136.07203689531147,136.82022094726562,77033700
2022-10-12T04:00:00+00:00,136.9678712798395,138.17875240232794,136.01294424989754,136.1901397705078,70433700
2022-10-13T04:00:00+00:00,132.89224973345455,141.35859601492572,132.28187436958524,140.76792907714844,113224000
2022-10-14T04:00:00+00:00,142.06737676893815,142.274119915274,136.04248821757835,136.2295379638672,88598000
2022-10-17T04:00:00+00:00,138.87778757684748,140.67933626371678,138.09021652620234,140.19696044921875,85250900
2022-10-18T04:00:00+00:00,143.22907894720203,144.42026703642762,138.4249097380949,141.51611328125,99136600
2022-10-19T04:00:00+00:00,139.488128680181,142.69746261645687,139.30107889163023,141.62440490722656,61758300
2022-10-20T04:00:00+00:00,140.7974520498777,143.6228470143876,140.43319169039492,141.1616973876953,64522000
2022-10-21T04:00:00+00:00,140.6497673856839,145.5523880250328,140.43318502707822,144.9813995361328,86548600
2022-10-24T04:00:00+00:00,144.90264390563777,147.89539516122247,143.73113431154985,147.1275177001953,75981900
2022-10-25T04:00:00+00:00,147.7575758033074,150.12028846465364,147.03892431633474,149.9726104736328,74732300
2022-10-26T04:00:00+00:00,148.61407962000084,149.62807215966112,145.73944336708044,147.0290985107422,88194300
2022-10-27T04:00:00+00:00,145.76899295091448,146.73375950209572,141.89021831932843,142.5498046875,109180200
2022-10-28T04:00:00+00:00,145.8969719952182,155.05245318778273,145.52288740226115,153.31980895996094,164762400
2022-10-31T04:00:00+00:00,150.7798662143987,151.84308459846838,149.55913065750445,150.95706176757812,97943200
2022-11-01T04:00:00+00:00,152.6700647115565,153.03431011919787,146.812530481506,148.30889892578125,80379300
2022-11-02T04:00:00+00:00,146.63527983930877,149.80524150264998,142.74666674943285,142.7761993408203,93604600
2022-11-03T04:00:00+00:00,139.8523927758634,140.5808986231452,136.5938324027318,136.72181701660156,97918500
2022-11-04T04:00:00+00:00,140.11394767074316,140.68588340372804,132.51117923439392,136.45555114746094,140814800
2023-03-13T04:00:00+00:00,145.97695730432906,151.24086003469367,145.86832084762136,148.60397338867188,84457100
2023-03-14T04:00:00+00:00,149.4039106364519,151.49761478500946,148.238551555895,150.69766235351562,73695900
2023-03-15T04:00:00+00:00,149.31504702106903,151.34949789320206,148.06079247647403,151.0927276611328,77167900
2023-03-16T04:00:00+00:00,150.27298045799404,154.5196567133458,149.75942505583248,153.91722106933594,76161100
2023-03-17T04:00:00+00:00,154.14438228182223,154.7962009363973,152.36670189187112,153.07777404785156,98944600
2023-03-20T04:00:00+00:00,153.14689176758554,155.8627873790452,152.23828797454271,155.44798278808594,73641400
2023-03-21T04:00:00+00:00,155.36901795458434,157.42320976774403,154.59867718770118,157.30470275878906,73938300
2023-03-22T04:00:00+00:00,157.32448253723237,160.12925934644002,155.85295498733328,155.87271118164062,75701800
2023-03-23T04:00:00+00:00,156.86029458739586,159.54656410725272,155.72454710395584,156.95904541015625,67622100
2023-03-24T04:00:00+00:00,156.88990343786057,158.35154504613158,155.8924343453171,158.26266479492188,59196500
2023-03-27T04:00:00+00:00,157.9565254779494,158.77623413977568,155.91218910395636,156.31710815429688,52390300
2023-03-28T04:00:00+00:00,156.01093927220384,156.52449472162644,154.04561279409856,155.6949005126953,45992200
2023-03-29T04:00:00+00:00,157.39358278783644,159.05275625859912,157.37384166607825,158.77622985839844,51305700
2023-03-30T04:00:00+00:00,159.5268031814781,160.45514829132492,159.27003296644855,160.3465118408203,49501700
2023-03-31T04:00:00+00:00,160.42552675181378,162.95377687892702,159.90210067407045,162.85501098632812,68749800
2023-04-03T04:00:00+00:00,162.23280658606208,164.22774466628186,162.18342364813336,164.10923767089844,56976200
2023-04-04T04:00:00+00:00,164.53393008377392,164.77094409936112,163.06240276891677,163.57595825195312,46278300
2023-04-05T04:00:00+00:00,162.69699871298138,163.00315186770885,159.79345641920935,161.72914123535156,51511700
2023-04-06T04:00:00+00:00,160.41562533913125,162.9142635361202,159.9909651957649,162.61798095703125,45390100
2023-04-10T04:00:00+00:00,159.41814841731895,160.0205841064453,158.09477004106023,160.0205841064453,47716900
2023-04-11T04:00:00+00:00,160.33664331436313,160.34651387560373,158.5194503856298,158.8058624267578,47644200
2023-04-12T04:00:00+00:00,159.22066874563276,160.0502480636464,157.79852416071756,158.11456298828125,50133100
2023-04-13T04:00:00+00:00,159.62556544083142,163.74384976611952,159.4181631056541,163.50682067871094,68445600
2023-04-14T04:00:00+00:00,162.5488571823505,164.2574136863755,161.7884170766324,163.1611785888672,49386500
2023-04-17T04:00:00+00:00,163.04262975965267,163.33891231813308,161.99577777997115,163.18089294433594,41516200
2023-04-18T04:00:00+00:00,164.04014141829643,165.33389323571308,163.59570997116356,164.40554809570312,49923000
2023-04-19T04:00:00+00:00,163.74384033117565,166.0745734796078,163.4870550672227,165.5511474609375,47720200
2023-04-20T04:00:00+00:00,164.0302145194471,165.7881384645981,163.50678857339403,164.58326721191406,52456400
2023-04-21T04:00:00+00:00,163.00313749199609,164.38576938158798,162.45008473615934,162.9735107421875,58337300
2023-04-24T04:00:00+00:00,162.95375377005053,163.5463189024918,161.85751882372426,163.2796630859375,41949600
2023-04-25T04:00:00+00:00,163.1414017604714,164.2475072794641,161.69950129216383,161.739013671875,48714100
2023-04-26T04:00:00+00:00,161.0378252295865,163.23029532612622,160.78105501874768,161.72914123535156,45498800
2023-04-27T04:00:00+00:00,163.14140369362494,166.4696059197472,163.14140369362494,166.32147216796875,64902300
2023-04-28T04:00:00+00:00,166.40048449959994,167.74361912541863,165.79804878354395,167.57571411132812,55275900
2023-05-01T04:00:00+00:00,167.18066329991268,168.33615167039042,166.5486008988935,167.48681640625,52472900
2023-05-02T04:00:00+00:00,167.98062504743248,168.237410301642,165.46224586153255,166.44984436035156,48425700
2023-05-03T04:00:00+00:00,167.3979781580158,168.80036649116937,165.08700083730753,165.37339782714844,65136000
2023-05-04T04:00:00+00:00,162.84513031273676,164.96846124572582,162.27232132426357,163.7339630126953,81235400
2023-05-05T04:00:00+00:00,168.85958887715515,172.13842316096267,168.64231599957478,171.41748046875,113453200
2023-05-08T04:00:00+00:00,170.34100335662225,171.69402369424722,169.9755966946327,171.34835815429688,55962800
2023-05-09T04:00:00+00:00,170.9039412906591,171.38785496168964,169.47192632998963,169.6398162841797,45326900
2023-05-10T04:00:00+00:00,170.87432663815136,171.87179587293446,169.76820587698572,171.40762329101562,53724500
2023-05-11T04:00:00+00:00,171.6940112425966,172.42482451357537,170.03483786854437,171.59524536132812,49514700
2023-05-12T04:00:00+00:00,171.70403494878815,172.13918180226997,169.11295243629542,170.66563415527344,45533100
2023-05-15T04:00:00+00:00,171.2490949935239,171.29854623618587,169.57774258819362,170.17112731933594,37266700
2023-05-16T04:00:00+00:00,170.0920083491569,171.229311478379,169.90410268128184,170.17112731933594,42110300
2023-05-17T04:00:00+00:00,169.8151358327416,171.0216588875202,168.5393629149387,170.78431701660156,57951600
2023-05-18T04:00:00+00:00,171.0908902546592,173.30617657836305,170.6755268984154,173.11827087402344,65496700
2023-05-19T04:00:00+00:00,174.44347306887536,174.44347306887536,173.00947735219142,173.22705078125,55809500
2023-05-22T04:00:00+00:00,172.0600450039918,172.781999977239,171.5358950094103,172.27761840820312,43570900
2023-05-23T04:00:00+00:00,171.2194449613945,171.46668610985583,169.3898544266195,169.66676330566406,50747300
2023-05-24T04:00:00+00:00,169.2019563309073,170.51728111058472,168.63825433413288,169.9436798095703,45143500
2023-05-25T04:00:00+00:00,170.50739236656926,171.98093998050487,169.79533663873903,171.08099365234375,56058300
2023-05-26T04:00:00+00:00,171.40736336995897,173.83032378662378,171.1996741500605,173.4940643310547,54835000
2023-05-30T04:00:00+00:00,175.00716998790764,177.01476677794446,174.6214744245607,175.34341430664062,55964400
2023-05-31T04:00:00+00:00,175.3731100748192,177.37082297149755,174.80939295881248,175.2939910888672,99625300
2023-06-01T04:00:00+00:00,175.73902088879638,178.1323136072369,174.97751385870967,178.10264587402344,68901800
2023-06-02T04:00:00+00:00,179.03224397161875,179.77396735384346,177.28177256425622,178.953125,61996900
2023-06-05T04:00:00+00:00,180.6146116822985,182.90900173212887,176.07525265044882,177.5982666015625,121946500
2023-06-06T04:00:00+00:00,177.9839532147194,178.13229186267904,175.47197477965813,177.2323455810547,64848400
2023-06-07T04:00:00+00:00,176.47084977063176,179.21028600208987,175.36321422162453,175.85769653320312,61944600
2023-06-08T04:00:00+00:00,175.93678298136524,178.84434109966037,175.50165126625262,178.57733154296875,50214900
2023-06-09T04:00:00+00:00,179.4970774647442,180.21901740774703,178.63668307937917,178.96304321289062,48900000
2023-06-12T04:00:00+00:00,179.26960009694577,181.8606822718443,178.9729077272824,181.76177978515625,54274900
2023-06-13T04:00:00+00:00,180.7827428310429,182.11783606754224,180.42671494989577,181.287109375,54929100
2023-06-14T04:00:00+00:00,181.3464274280608,182.35517550952275,180.01133431975106,181.92002868652344,57462900
2023-06-15T04:00:00+00:00,181.9299404833556,184.46168752877136,181.7519190024484,183.95730590820312,65433200
2023-06-16T04:00:00+00:00,184.66935702206607,184.92649747799743,182.2365125370702,182.8793334960937,101256200
2023-06-20T04:00:00+00:00,182.3749530885541,184.0463055632048,182.3749530885541,182.96832275390625,49799100
2023-06-21T04:00:00+00:00,182.85953033754487,183.36391189129432,180.575024752965,181.929916381836,49515700
2023-06-22T04:00:00+00:00,181.7123668419414,184.9858373580588,181.6431320743364,184.93638610839844,51245300
2023-06-23T04:00:00+00:00,183.5023534994332,185.49016657654985,182.9683042551692,184.619873046875,53117000
2023-06-26T04:00:00+00:00,184.76824612936457,185.97478407089304,183.18589683511047,183.2254638671875,48088700
2023-06-27T04:00:00+00:00,183.83862880561904,186.31104030447904,183.6210553864872,185.98468017578125,50730800
2023-06-28T04:00:00+00:00,185.8561043245189,187.80436573389431,185.5297592960992,187.1615447998047,51216800
2023-06-29T04:00:00+00:00,186.99345141756788,187.97253192474128,186.8549969601256,187.4978179931641,46347300
2023-06-30T04:00:00+00:00,189.51527911897423,192.33381899614628,189.1493519786864,191.82945251464844,85213200
2023-07-03T04:00:00+00:00,191.64156130508144,191.74046380244184,189.64384856353968,190.3361358642578,31458200
2023-07-05T04:00:00+00:00,189.4559543470025,190.8503829545932,188.51642591121868,189.2185974121093,46920300
2023-07-06T04:00:00+00:00,187.7450368621044,189.90098754652763,187.1121001189567,189.6932983398437,45094300
2023-07-07T04:00:00+00:00,189.29771490007704,190.5438048450505,188.14062814608693,188.5757598876953,46815000
2023-07-10T04:00:00+00:00,187.17143117099337,187.89338618022617,184.9759285939004,186.5286102294922,59922200
2023-07-11T04:00:00+00:00,187.07253909809663,187.21099353236755,184.5407922483424,186.00445556640625,46638100
2023-07-12T04:00:00+00:00,187.58679348705417,189.584506155405,186.39015480100767,187.67581176757807,60750200
2023-07-13T04:00:00+00:00,188.39774969290625,189.0801376574393,187.6856939986458,188.4373016357422,41342300
2023-07-14T04:00:00+00:00,188.13073248396137,189.0702458401321,187.5373627755177,188.58566284179688,41616200
2023-07-17T04:00:00+00:00,189.78231082986184,192.17561856911308,189.6933076328095,191.8492584228516,50520200
2023-07-18T04:00:00+00:00,191.21632100425936,192.185502135392,190.296576033276,191.5921173095703,48288200
2023-07-19T04:00:00+00:00,190.9690618542327,196.0424397664868,190.5240157315845,192.94699096679688,80507300
2023-07-20T04:00:00+00:00,192.9370802265051,194.3018560622021,190.37566579926568,190.99871826171875,59581200
2023-07-21T04:00:00+00:00,191.95800520620395,192.8183994461989,189.11966698173345,189.82183837890625,71951700
2023-07-24T04:00:00+00:00,191.27564505606543,192.759091941705,190.1284425094743,190.6229248046875,45377800
2023-07-25T04:00:00+00:00,191.1965138117181,192.29426504028103,190.7910347339605,191.4833068847656,37283200
2023-07-26T04:00:00+00:00,191.5327951683349,193.48105687047607,191.1866665711976,192.3536376953125,47471900
2023-07-27T04:00:00+00:00,193.8568728488933,195.0238440004377,190.4251639887489,191.0877685546875,47460200
2023-07-28T04:00:00+00:00,192.5217427199515,194.4601200346163,191.99759267326004,193.6689453125,48291400
2023-07-31T04:00:00+00:00,193.89640887829788,194.3216715292241,193.1052341320004,194.2821044921875,38824100
2023-08-01T04:00:00+00:00,194.0744533956757,194.5590364788578,193.1250405693677,193.451400756836,35175100
2023-08-02T04:00:00+00:00,192.88764791924385,193.026102358892,189.7328635379457,190.45480346679688,50389300
2023-08-03T04:00:00+00:00,189.45592808861247,190.24708758113127,188.58563453836183,189.06033325195312,61235200
2023-08-04T04:00:00+00:00,183.4727336032896,185.31220853119976,179.91245468139763,179.981689453125,115956800
2023-08-07T04:00:00+00:00,180.12009916893692,181.1090636137841,175.3928503297996,176.8762969970703,97576100
2023-08-08T04:00:00+00:00,177.7070702124542,178.28067155206236,175.62035408179838,177.81585693359375,67823000
2023-08-09T04:00:00+00:00,178.87402014653773,178.93335560733482,175.05661623443876,176.22360229492188,60378500
2023-08-10T04:00:00+00:00,177.49935830249015,178.7553475423464,175.64011515660735,176.0060272216797,54686900
2023-08-11T04:00:00+00:00,175.60000259117115,176.88738049769475,174.8374673630278,176.0654296875,52036700
2023-08-14T04:00:00+00:00,176.2437010263368,177.94701832041608,175.5900993670502,177.71925354003906,43675600
2023-08-15T04:00:00+00:00,177.14489684716207,177.73906787465037,175.3326457472995,175.728759765625,43622600
2023-08-16T04:00:00+00:00,175.4118501481314,176.80816171418965,174.78795629022963,174.85728454589844,46964900
2023-08-17T04:00:00+00:00,175.42175166053434,175.7881578465257,171.79724982185638,172.3122100830078,66062900
2023-08-18T04:00:00+00:00,170.62871045348956,173.40155375891743,170.29201204567954,172.79747009277344,61172200
2023-08-21T04:00:00+00:00,173.37183349440417,174.4215491084137,172.05473264129324,174.1343536376953,46311900
2023-08-22T04:00:00+00:00,175.34253031574917,175.95651153189084,174.54038966607246,175.51087951660156,42038900
2023-08-23T04:00:00+00:00,176.78837280424742,179.78898080878903,176.60021337314086,179.36314392089844,52722800
2023-08-24T04:00:00+00:00,178.91749337237624,179.34333021614268,174.3026918957578,174.6691131591797,54945800
2023-08-25T04:00:00+00:00,175.6594223889941,177.41224254469248,174.1145567754665,176.8774871826172,51449600
2023-08-28T04:00:00+00:00,178.34314839003864,178.83829845949455,176.81809282485807,178.4421844482422,43820700
2023-08-29T04:00:00+00:00,177.95692088146865,183.10647826164347,177.7588638881504,182.33404541015625,53003900
2023-08-30T04:00:00+00:00,183.14611375769312,186.0278908459401,182.9480567481202,185.829818725586,60813900
2023-08-31T04:00:00+00:00,186.0179606639307,187.28554353881967,185.6614520359444,186.04766845703125,60794500
2023-09-01T04:00:00+00:00,187.65197647170007,188.07779827305947,186.4537066694999,187.6222686767578,45766500
2023-09-05T04:00:00+00:00,186.4536848553425,188.13719185182467,185.79018566129048,187.8599090576172,45280000
2023-09-06T04:00:00+00:00,186.57252563325392,187.01817274977,179.70975345688714,181.1357879638672,81755800
2023-09-07T04:00:00+00:00,173.48074295917408,176.48136579557718,171.85665159906446,175.83766174316406,112488800
2023-09-08T04:00:00+00:00,176.62002446653017,178.4916910043361,176.06544373133067,176.45166015625,65551300
2023-09-11T04:00:00+00:00,178.3233590278983,178.55112383618751,175.61982868156718,177.6202392578125,58953100
2023-09-12T04:00:00+00:00,177.7489799506068,178.3827714442694,173.12428004812202,174.5899200439453,90370200
2023-09-13T04:00:00+00:00,174.7978655233742,175.58021106580875,172.29240747476095,172.5201873779297,84267900
2023-09-14T04:00:00+00:00,172.31222690532334,174.39186327435525,171.89630265367322,174.0353546142578,60895800
2023-09-15T04:00:00+00:00,174.76815074757482,174.78796097983732,172.13396406629226,173.31240844726562,109259500
2023-09-18T04:00:00+00:00,174.76813049970744,177.64000941385729,174.4611399337141,176.24368286132812,67257600
2023-09-19T04:00:00+00:00,175.7980702206982,177.88760394386657,175.4118538031827,177.33303833007812,51826900
2023-09-20T04:00:00+00:00,177.52120149038592,177.95693597912128,173.69864226300012,173.78778076171875,58436200
2023-09-21T04:00:00+00:00,172.85688574257026,174.58991092023126,172.17357625479622,172.24288940429688,63149100
2023-09-22T04:00:00+00:00,172.97571228348323,175.36233909077248,172.36173107244514,173.09454345703125,56725400
2023-09-25T04:00:00+00:00,172.51025571431984,175.25339092524624,172.46073769252675,174.3720245361328,46172700
2023-09-26T04:00:00+00:00,173.1242507509963,173.50055447022797,169.99489916963813,170.2919921875,64588900
2023-09-27T04:00:00+00:00,170.94559986493434,171.3615240971404,167.41023633579258,168.77684020996094,66921800
2023-09-28T04:00:00+00:00,167.69740591218968,170.36131544966938,165.99408862675534,169.03431701660156,56294400
2023-09-29T04:00:00+00:00,170.351457209736,171.39127551864792,168.6877448933203,169.54931640625,51861100
2023-10-02T04:00:00+00:00,169.55917827580257,172.6093042881744,169.2719827950215,172.06463623046875,52164500
2023-10-03T04:00:00+00:00,170.58908076573104,171.9458021063211,169.1630613901914,170.72772216796875,49594600
2023-10-04T04:00:00+00:00,169.43043127173715,172.5201776911012,169.31160010164683,171.9755096435547,53020300
2023-10-05T04:00:00+00:00,172.10423261632292,173.74813426454526,171.00499899742474,173.21337890625,48527900
2023-10-06T04:00:00+00:00,172.1141468247828,176.26350633418187,171.50015053588783,175.7683563232422,57266700
2023-10-09T04:00:00+00:00,175.09495269037183,177.3132302836497,174.09475506108697,177.25381469726562,42390800
2023-10-10T04:00:00+00:00,176.37245706568626,177.97673842144718,176.2239029815132,176.65963745117188,43698000
2023-10-11T04:00:00+00:00,176.4714829606774,178.10548726772782,175.87731193966172,178.05596923828125,47551100
2023-10-12T04:00:00+00:00,178.3233466007442,180.57131695227565,177.30332359387822,178.95713806152344,56743100
2023-10-13T04:00:00+00:00,179.66022118086906,180.1652687325389,176.41203844407568,177.1151580810547,51427100
2023-10-16T04:00:00+00:00,175.03554253225204,177.3429435766639,174.79786506856496,176.98643493652344,52517000
2023-10-17T04:00:00+00:00,174.93650583601004,176.6893412361662,173.1044597256959,175.43165588378906,57549400
2023-10-18T04:00:00+00:00,173.87688106979198,175.8574811296678,173.41143884685883,174.1343536376953,54764400
2023-10-19T04:00:00+00:00,174.33241738277906,176.11496052795673,173.4906713911534,173.758056640625,59302900
2023-10-20T04:00:00+00:00,173.60950111647475,173.71843472751576,170.96540176933075,171.2030792236328,64244000
2023-10-23T04:00:00+00:00,169.25220619662628,172.3221276665047,168.28170114730867,171.32192993164062,55980100
2023-10-24T04:00:00+00:00,171.3714130102576,171.985394156852,169.7869270122857,171.75762939453125,43816600
2023-10-25T04:00:00+00:00,170.21280159213268,171.38134856384042,168.99472147795794,169.44036865234375,57157000
2023-10-26T04:00:00+00:00,168.71741923518283,169.71763198356828,164.06301189675906,165.27117919921875,70625300
2023-10-27T04:00:00+00:00,165.29099661436564,167.321114882013,165.2117707914918,166.58828735351562,58499100
2023-10-30T04:00:00+00:00,167.38051344932887,169.5096524459554,167.23195938000526,168.63818359375,51131000
2023-10-31T04:00:00+00:00,167.70733154956028,169.24228464861295,166.27138428536674,169.11355590820312,44846000
2023-11-01T04:00:00+00:00,169.34129385969914,172.53995851269775,168.4698250558493,172.28248596191406,56934900
2023-11-02T04:00:00+00:00,173.8174920794996,176.05556504970008,173.75807648633753,175.8476104736328,77334800
2023-11-03T04:00:00+00:00,172.5498813500308,175.10485722122257,171.66851493448934,174.93649291992188,79829200
2024-03-11T04:00:00+00:00,171.7069430151515,173.13667826239134,170.8232893067872,171.51829528808594,60139500
2024-03-12T04:00:00+00:00,171.91544162555573,172.7891721100731,169.79070034274764,171.994873046875,59825400
2024-03-13T04:00:00+00:00,171.53817270319811,171.9551763303205,169.54249409126064,169.9098663330078,52488700
2024-03-14T04:00:00+00:00,171.67715534575908,173.06716728584055,170.82328653971078,171.76651000976562,72913500
2024-03-15T04:00:00+00:00,169.94956266563446,171.38922119140625,169.0758321837892,171.38922119140625,121752700
2024-03-18T04:00:00+00:00,174.31819990832292,176.44294118443133,172.282813299669,172.48138427734375,75604200
2024-03-19T04:00:00+00:00,173.09697026746844,175.350789645184,171.7963128554373,174.82456970214844,55215200
2024-03-20T04:00:00+00:00,174.46712406809783,177.39608764648438,173.84161109695287,177.39608764648438,53423100
2024-03-21T04:00:00+00:00,175.78765774149878,176.22452301821235,169.62192763151074,170.1481475830078,106181300
2024-03-22T04:00:00+00:00,170.5353695457136,171.8161805084586,168.8474933401544,171.05166625976562,71160100
2024-03-25T04:00:00+00:00,169.3538487990515,170.7140758962492,168.24182406010684,169.63185119628906,54288300
2024-03-26T04:00:00+00:00,168.787925677805,170.19779947429063,168.37092203236526,168.5,57388400
2024-03-27T04:00:00+00:00,169.19497814129184,172.3622358242069,168.8971141151568,172.0742950439453,60273300
2024-03-28T04:00:00+00:00,170.52541861342735,171.00199196056712,169.29425438748996,170.25733947753906,65672700
2024-04-01T04:00:00+00:00,169.9694362083208,170.02900599080004,168.2716216576847,168.8177032470703,46240500
2024-04-02T04:00:00+00:00,167.87447897129715,168.13261974429108,167.0305333230549,167.6361846923828,49329500
2024-04-03T04:00:00+00:00,167.5865303145986,169.46305411699578,167.37803608655156,168.44039916992188,47691700
2024-04-04T04:00:00+00:00,169.07580729392384,170.69419006637182,167.61630249023438,167.61630249023438,53704400
2024-04-05T04:00:00+00:00,168.38081863168355,169.1751176568126,167.74538244157907,168.3708953857422,42104800
2024-04-08T04:00:00+00:00,167.82482886831443,167.99361496437555,167.04046816897213,167.24896240234375,37425500
2024-04-09T04:00:00+00:00,167.49719608690285,168.86736178126412,167.14970061441764,168.4602813720703,42373800
2024-04-10T04:00:00+00:00,167.59647195447172,167.88439761067826,165.91851910107465,166.583740234375,49709300
2024-04-11T04:00:00+00:00,167.13973556457643,174.20898041040104,166.96102623293754,173.79196166992188,91070300
2024-04-12T04:00:00+00:00,173.0175481045229,177.08832180821437,172.96791671667,175.29122924804688,101670900
2024-04-15T04:00:00+00:00,174.10968609239896,175.37063525095596,171.27007724910962,171.45872497558594,73531800
2024-04-16T04:00:00+00:00,170.52542991803605,172.5210932508517,167.0702464097302,168.17233276367188,73711200
2024-04-17T04:00:00+00:00,168.4006911997193,169.43326939438705,166.8021697998047,166.8021697998047,50901200
2024-04-18T04:00:00+00:00,166.83196113193097,167.4376124969012,165.36251763085394,165.84901428222656,43122900
2024-04-19T04:00:00+00:00,165.02494208062998,165.21357466916862,162.9101239696921,163.8235626220703,68149400
2024-04-22T04:00:00+00:00,164.33986695337822,166.06745127090076,163.5952143613438,164.65757751464844,48116400
2024-04-23T04:00:00+00:00,164.1710551260113,165.85893104014465,163.74411316214608,165.70999145507812,49537800
2024-04-24T04:00:00+00:00,165.35258209827205,168.09291330855643,165.0249482926904,167.81491088867188,48251800
2024-04-25T04:00:00+00:00,168.3212618473153,169.39356334150216,166.9510963019663,168.67869567871094,50558300
2024-04-26T04:00:00+00:00,168.66876193087458,170.1183436596222,167.97374080476908,168.0928955078125,44838400
2024-04-29T04:00:00+00:00,172.13386150928326,174.77489926024026,171.86579752591055,172.262939453125,68169400
2024-04-30T04:00:00+00:00,172.09416491333778,173.74233280675443,168.78790588015656,169.1155548095703,65934800
2024-05-01T04:00:00+00:00,168.37089789825708,171.47858587357683,167.90424778215495,168.0928955078125,50383100
2024-05-02T04:00:00+00:00,171.27999852318183,172.1835138606425,169.67155396857694,171.79629516601562,94214900
2024-05-03T04:00:00+00:00,185.3191838346203,185.66669440285864,181.3576421366733,182.072509765625,163224100
2024-05-06T04:00:00+00:00,181.049864955462,182.88666551151155,179.1336178251023,180.4144287109375,78569700
2024-05-07T04:00:00+00:00,182.14198851894085,183.58164691028847,180.0271858364759,181.09947204589844,77305800
2024-05-08T04:00:00+00:00,181.5462890620128,181.76472167822584,180.1562619452029,181.43707275390625,45057100
2024-05-09T04:00:00+00:00,181.2583498682501,183.34338298682428,180.8115613856968,183.2540283203125,48983000
2024-05-10T04:00:00+00:00,183.83067066594327,184.01957427538,181.0767011963408,181.9913787841797,50759500
2024-05-13T04:00:00+00:00,184.3675441223296,186.01794745703555,183.55227916041125,185.2026824951172,72044800
2024-05-14T04:00:00+00:00,186.4255779791011,187.2110177098357,185.2126323262415,186.3460388183593,52393600
2024-05-15T04:00:00+00:00,186.8232879601364,189.5474323621825,186.2864023770235,188.6228179931641,70400000
2024-05-16T04:00:00+00:00,189.36845732702145,189.99481870677727,188.5631442219314,188.7420959472656,52845200
2024-05-17T04:00:00+00:00,188.4140082479681,189.70649303935696,188.08591490450087,188.7719268798828,41282900
2024-05-20T04:00:00+00:00,188.2350632210391,190.81008101901145,187.91690657220929,189.93516540527344,44361300
2024-05-21T04:00:00+00:00,189.98487181213304,191.6153866469515,189.815856788038,191.2375946044922,42309400
2024-05-22T04:00:00+00:00,191.158046649762,191.7048688616992,189.1696132758398,189.79595947265625,34648500
2024-05-23T04:00:00+00:00,189.87550428926585,189.89539287135,185.55067067436465,185.7992248535156,51005900
2024-05-24T04:00:00+00:00,187.7280067652561,189.4778227162681,186.9525037733123,188.8812866210937,36327000
2024-05-28T04:00:00+00:00,190.4024184243637,191.8838066416972,188.0063679124909,188.89122009277344,52280100
2024-05-29T04:00:00+00:00,188.5134539967084,191.13818582461727,188.41402624535667,189.18951416015625,53068000
2024-05-30T04:00:00+00:00,189.6567821553814,191.06856812279528,189.5275442935876,190.1837158203125,49889100
2024-05-31T04:00:00+00:00,190.3328552025532,191.45632497373828,188.81170480343985,191.1381683349609,75158300
2024-06-03T04:00:00+00:00,191.7843976924141,193.8623221502784,191.40660565779223,192.90786743164065,50080500
2024-06-04T04:00:00+00:00,193.5143599019416,194.1904352235572,191.91367022597112,193.22604370117188,47471400
2024-06-05T04:00:00+00:00,194.269945311189,195.76127042413225,193.74301165159247,194.7372283935547,54156800
2024-06-06T04:00:00+00:00,194.55827933508485,195.3635924798522,193.0470656187861,193.3552703857422,41181800
2024-06-07T04:00:00+00:00,193.5243067922154,195.8010719096083,193.0172616522308,195.75135803222656,53103900
2024-06-10T04:00:00+00:00,195.7612815959928,196.1589774177998,191.03875180216343,192.00314331054688,97010200
2024-06-11T04:00:00+00:00,192.5300553197752,205.9619324668351,192.51018190883104,205.9519805908203,172373300
2024-06-12T04:00:00+00:00,206.1707358379729,218.9265393804105,205.7034527218097,211.83778381347656,198134300
2024-06-13T04:00:00+00:00,213.49810017257707,215.49647028335949,210.37626033331,213.00099182128903,97862700
2024-06-14T04:00:00+00:00,212.613259050374,213.92561727783075,210.07800329190465,211.26112365722656,70122700
2024-06-17T04:00:00+00:00,212.1360280257328,217.6837594401996,211.4897931914233,215.4169464111328,93728300
2024-06-18T04:00:00+00:00,216.33159234343563,217.3655861315708,211.76814166400047,213.05067443847656,79943300
2024-06-20T04:00:00+00:00,212.6927826496957,213.00100258632773,207.64217489543017,208.4673614501953,86172500
2024-06-21T04:00:00+00:00,209.17326157128963,210.66458669732776,205.91223184266303,206.2900390625,241805100
2024-06-24T04:00:00+00:00,206.51869484312465,211.46988977828624,205.39522511371305,206.936264038086,80727000
2024-06-25T04:00:00+00:00,207.94044013256496,210.1575545458077,207.40356972919952,207.8609161376953,55549700
2024-06-26T04:00:00+00:00,210.2768291728298,213.6173978459433,209.42180221570723,212.01670837402344,66213200
2024-06-27T04:00:00+00:00,213.44838535845383,214.49231592564604,211.12192192565487,212.8618011474609,49772700
2024-06-28T04:00:00+00:00,214.52215724323327,214.82042530908265,209.08379028418835,209.4019317626953,82542700
2024-07-01T04:00:00+00:00,210.86340670792907,216.2520591573061,210.69439169705225,215.4964599609375,60402900
2024-07-02T04:00:00+00:00,214.8999410071237,219.10548871515067,213.85602557275527,218.99612426757807,58046200
2024-07-03T04:00:00+00:00,218.72769869983824,220.26873779296875,217.76330717829083,220.26873779296875,37369800
2024-07-05T04:00:00+00:00,220.3681420180832,225.14038557018992,220.3681420180832,225.0310211181641,60412400
2024-07-08T04:00:00+00:00,225.7766827586142,226.53229721329785,221.95889400104969,226.50247192382807,59085900
2024-07-09T04:00:00+00:00,226.61180512644188,228.0733048889389,225.0608295018841,227.3574676513672,48076100
2024-07-10T04:00:00+00:00,227.9739187958725,231.732057144285,227.9242049209956,231.63262939453125,62627700
2024-07-11T04:00:00+00:00,230.0518062316796,231.04602295166967,224.4643131199093,226.25390625,64710600
2024-07-12T04:00:00+00:00,227.59609977127653,231.29458734662404,227.357482286545,229.20672607421875,53046500
2024-07-15T04:00:00+00:00,235.11237576276483,235.8580383346859,231.7419815445035,233.04440307617188,62631300
2024-07-16T04:00:00+00:00,233.64094209406048,234.9036016458956,230.9863851256273,233.4619903564453,43234300
2024-07-17T04:00:00+00:00,228.1230311101644,230.1214164943178,225.3292844594588,227.55633544921875,57345900
2024-07-18T04:00:00+00:00,228.94822726389444,229.1073055815505,220.9845567217071,222.8834991455078,66034600
2024-07-19T04:00:00+00:00,223.5198165983548,225.4883615119168,221.9887143107171,223.01275634765625,49151500
2024-07-22T04:00:00+00:00,225.69712847330965,226.46267958300487,221.7998008147913,222.664779663086,48201800
2024-07-23T04:00:00+00:00,223.07241159149987,225.6275559695254,221.3921828247117,223.70870971679688,39960300
2024-07-24T04:00:00+00:00,222.70455320631825,223.4999296447353,215.8742889513949,217.276123046875,61777600
2024-07-25T04:00:00+00:00,217.66388300064952,219.5727926616157,213.37881089672752,216.2322235107422,51391200
2024-07-26T04:00:00+00:00,217.4351887967129,218.22062848355827,214.760743452074,216.6994781494141,41601300
2024-07-29T04:00:00+00:00,215.7052633263403,218.0317267787177,214.50225443638584,216.9778594970703,36311800
2024-07-30T04:00:00+00:00,217.92238139381377,219.05578793157807,214.87012855591783,217.53463745117188,41643800
2024-07-31T04:00:00+00:00,220.1593561933901,222.5255968769169,219.3540430654452,220.795654296875,50036300
2024-08-01T04:00:00+00:00,223.0724051151817,223.1817695634113,215.7649211779852,217.09716796875,62501000
2024-08-02T04:00:00+00:00,217.88258518105536,224.29529507499743,216.45092586682145,218.58848571777344,105568600
2024-08-05T04:00:00+00:00,197.93858949976783,212.26525508834703,194.86646368766287,208.05972290039065,119548600
2024-08-06T04:00:00+00:00,204.1126936889009,208.7755724881847,199.90716125146164,206.03152465820312,69660500
2024-08-07T04:00:00+00:00,205.703426053809,212.40445197195865,205.19638100586545,208.60655212402344,63516400
2024-08-08T04:00:00+00:00,211.87752992550045,212.96122253044004,207.6222834948103,212.0763702392578,47161100
2024-08-09T04:00:00+00:00,210.8733840757052,215.5263113015057,210.7441310403627,214.98944091796875,42201600
2024-08-12T04:00:00+00:00,215.0690650325273,218.49311650663688,214.6012410880912,216.5222930908203,38028100
2024-08-13T04:00:00+00:00,217.9954546002453,220.8621181746332,217.9954546002453,220.2449951171875,44155300
2024-08-14T04:00:00+00:00,219.54820460737923,221.996800016446,218.6822246024247,220.69287109375,41960600
2024-08-15T04:00:00+00:00,223.5595463560132,224.30607198028108,221.72805861485108,223.67898559570312,46414000
2024-08-16T04:00:00+00:00,222.8827003891184,225.77922361016536,222.6139468974481,225.0028381347656,44340200
2024-08-19T04:00:00+00:00,224.6743562399008,224.94310972106825,222.00676340736013,224.84356689453125,40687800
2024-08-20T04:00:00+00:00,224.72413110884565,226.11763957317405,224.4056062095116,225.460693359375,30299000
2024-08-21T04:00:00+00:00,225.4706812509204,226.92390949473165,224.007489610358,225.35122680664065,34765500
2024-08-22T04:00:00+00:00,226.7347608131935,227.2822159870921,222.86278176595104,223.4898681640625,43695300
2024-08-23T04:00:00+00:00,224.61464290366072,227.16278137803025,223.29080225181497,225.78916931152344,38677300
2024-08-26T04:00:00+00:00,225.7095414433551,226.22713682494347,222.85284141893555,226.12759399414065,30602200
2024-08-27T04:00:00+00:00,224.9530683997657,227.7898720189865,223.8482098014285,226.97366333007807,35934600
2024-08-28T04:00:00+00:00,226.86416416696267,228.7951795929336,224.6345354462772,225.4407958984375,38052200
2024-08-29T04:00:00+00:00,229.03407107214645,231.84099956412555,227.819721489883,228.7254943847656,51906300
2024-08-30T04:00:00+00:00,229.123652992766,229.33267166766268,226.42620031745173,227.9391632080078,52990800
2024-09-03T04:00:00+00:00,227.4912604304481,227.9391727978887,220.1454429272487,221.738037109375,50190600
2024-09-04T04:00:00+00:00,220.63318011937469,220.75261936807303,216.4725357618373,219.82693481445312,43840200
2024-09-05T04:00:00+00:00,220.60331260233696,224.43546851590304,220.49382156548631,221.349838256836,36615400
2024-09-06T04:00:00+00:00,222.9125480449781,224.1965806221913,218.75191919539128,219.79705810546875,48423000
2024-09-09T04:00:00+00:00,219.79707827698536,220.24499065438133,215.70611687897429,219.8866577148437,67180000
2024-09-10T04:00:00+00:00,217.905857501112,220.45399594379384,215.726000183756,219.09034729003903,51591000
2024-09-11T04:00:00+00:00,220.43410202901995,222.05654079085224,216.8806326219321,221.6285400390625,44587100
2024-09-12T04:00:00+00:00,221.46928361366915,222.51442259643304,218.8017058249269,221.738037109375,37455600
2024-09-13T04:00:00+00:00,222.54426752163744,223.00212806640087,220.8820056188433,221.46926879882807,36766600
2024-09-16T04:00:00+00:00,215.5368837592455,216.21374159471785,212.9290256243428,215.3179168701172,59357400
2024-09-17T04:00:00+00:00,214.75054527350213,215.8952118613641,213.5063358570856,215.7857208251953,45519300
2024-09-18T04:00:00+00:00,216.54219508236315,221.678294847714,216.53223168732617,219.6676483154297,59894900
2024-09-19T04:00:00+00:00,223.94773787040657,228.75536468744528,223.58940496515828,227.80975341796875,66781300
2024-09-20T04:00:00+00:00,228.90467282845125,232.01021467188832,226.5655530501552,227.1428680419922,318679900
2024-09-23T04:00:00+00:00,226.2868480598011,228.38707413181643,224.7639369712135,225.4208831787109,54146000
2024-09-24T04:00:00+00:00,227.59079599939528,228.2875654709032,224.68432442569429,226.3167266845703,43556100
2024-09-25T04:00:00+00:00,223.88801837861104,226.2370864319121,222.98224544035924,225.32135009765625,42308700
2024-09-26T04:00:00+00:00,226.24705185494724,227.4414899021518,224.3658077538716,226.46603393554688,36636700
2024-09-27T04:00:00+00:00,227.4016813648909,228.4567685573237,226.2470513403744,226.7347717285156,34026000
2024-09-30T04:00:00+00:00,228.97432934379907,231.92062377929688,228.58613663255096,231.92062377929688,54541900
2024-10-01T04:00:00+00:00,228.45675818805825,228.5861456381701,222.70353511874544,225.1620941162109,63285000
2024-10-02T04:00:00+00:00,224.8435547212975,226.3166943080492,221.9868549739656,225.7294311523437,32880600
2024-10-03T04:00:00+00:00,224.09704443839323,225.759306386038,222.2854834369284,224.6245880126953,34044200
2024-10-04T04:00:00+00:00,226.8442696351952,226.9438124702923,223.091744724082,225.74937438964844,37245100
2024-10-07T04:00:00+00:00,223.4600360693569,224.64452599576788,220.30472246057155,220.66305541992188,39505400
2024-10-08T04:00:00+00:00,223.26094483680063,224.933155033014,222.2158058701156,224.72413635253903,31855700
2024-10-09T04:00:00+00:00,224.1866374402548,228.6857031876272,223.7884964805669,228.47666931152344,33591100
2024-10-10T04:00:00+00:00,226.72481576308653,228.43684913724616,226.11764095959848,227.97897338867188,28183500
2024-10-11T04:00:00+00:00,228.23777327090536,228.34726430462075,226.2868462669136,226.49588012695312,31759200
2024-10-14T04:00:00+00:00,227.6405539391785,230.65651637799863,227.54102629778745,230.228515625,39882100
2024-10-15T04:00:00+00:00,232.527799450427,236.38983016358188,231.29353829774288,232.7666931152344,64751400
2024-10-16T04:00:00+00:00,230.5271247052497,231.0447048824563,228.7752681420796,230.706283569336,34082200
2024-10-17T04:00:00+00:00,232.348638945834,232.76670668063704,229.4521309302649,231.07456970214844,32993800
2024-10-18T04:00:00+00:00,235.0859033854084,235.0859033854084,232.92595759952005,233.911376953125,46431500
2024-10-21T04:00:00+00:00,233.36391138062547,235.75280253487685,233.36391138062547,235.384506225586,36254500
2024-10-22T04:00:00+00:00,232.80651969699693,235.12572795126604,231.52250221800776,234.76739501953125,38846600
2024-10-23T04:00:00+00:00,232.99563706556216,234.05072423456664,226.7049068825192,229.6910095214844,52287000
2024-10-24T04:00:00+00:00,228.9145985013122,229.750718689862,227.3518795258155,229.5018768310547,31109500
2024-10-25T04:00:00+00:00,228.6757355296476,232.1396101862481,228.50652487676712,230.33799743652344,38802300
2024-10-28T04:00:00+00:00,232.23917058038825,233.6426273223557,231.4727332926884,232.3187866210937,36087100
2024-10-29T04:00:00+00:00,232.0201880523176,233.24448591818896,231.24380255804743,232.5875396728516,35417200
2024-10-30T04:00:00+00:00,231.5324398883544,232.38845656475567,228.48661770128336,229.03407287597656,47070900
2024-10-31T04:00:00+00:00,228.27759840083365,228.7653339854192,224.32598787156823,224.86349487304688,64370100
2024-11-01T04:00:00+00:00,219.9463649274566,224.30607958110733,219.2496106921502,221.8773803710937,65276700
2025-03-10T04:00:00+00:00,234.96486230654432,235.583358769024,223.6725108894593,226.924545288086,72071200
2025-03-11T04:00:00+00:00,223.2635152882841,225.2885573705892,216.9190440448537,220.3007659912109,76137400
2025-03-12T04:00:00+00:00,219.60246770742089,221.20853706339403,214.38524243690583,216.4501800537109,62547500
2025-03-13T04:00:00+00:00,215.4227092543014,216.3105355217808,207.9110965632093,209.1680145263672,61368300
2025-03-14T04:00:00+00:00,210.7341834889886,213.42758776028128,209.0682630129612,212.96871948242188,60107600
2025-03-17T04:00:00+00:00,212.78914514941675,214.69448503570536,209.4573042902151,213.4774627685547,48073400
2025-03-18T04:00:00+00:00,213.6370660568716,214.62463892519543,210.97358751075308,212.170654296875,42432400
2025-03-19T04:00:00+00:00,213.6969181399133,218.22582565599035,213.2280645696868,214.7144317626953,54385400
2025-03-20T04:00:00+00:00,213.4674927164621,216.9589465476154,211.70181037410745,213.5772247314453,48862900
2025-03-21T04:00:00+00:00,211.04340788811464,218.30563028145065,210.764092813104,217.73703002929688,94127800
2025-03-24T04:00:00+00:00,220.460369765545,220.9391934559484,218.04628066528423,220.19102478027344,44299500
2025-03-25T04:00:00+00:00,220.23093972638688,223.5528105346996,219.5426220965296,223.2036590576172,34493600
2025-03-26T04:00:00+00:00,222.96422035625235,224.4705429297273,219.9316502269997,220.9890594482422,34466100
2025-03-27T04:00:00+00:00,220.8494059295757,224.4406214835582,220.0214308095873,223.30340576171875,37094800
2025-03-28T04:00:00+00:00,221.12873402087155,223.26350805320467,217.1484711493609,217.3679351806641,39818600
2025-03-31T04:00:00+00:00,216.4801074447652,225.06908447075045,215.7020132379398,221.58761596679688,65299300
2025-04-01T04:00:00+00:00,219.2732679074421,223.13381331282267,218.36548628233527,222.64501953125,36412700
2025-04-02T04:00:00+00:00,220.77959080525144,224.6401362151353,220.4803202973195,223.3433074951172,35905900
2025-04-03T04:00:00+00:00,205.03811566571247,206.9833664271943,200.7585974778204,202.69386291503903,103419000
2025-04-04T04:00:00+00:00,193.4165691841804,199.391948603074,186.88255957870848,187.92002868652344,125910900
2025-04-07T04:00:00+00:00,176.76731422169505,193.6759230716255,174.19361217758157,181.0169219970703,160466300
2025-04-08T04:00:00+00:00,186.244123618335,189.87523506652792,168.79683943762106,171.99899291992188,120859500
2025-04-09T04:00:00+00:00,171.53013119082922,200.1201531468693,171.47028013366514,198.3644561767578,184395900
2025-04-10T04:00:00+00:00,188.6083530498886,194.30440235729915,182.55316692796467,189.95504760742188,121880000
2025-04-11T04:00:00+00:00,185.64558871717136,199.05275825525484,185.6056778647687,197.6661529541016,87435900
2025-04-14T04:00:00+00:00,210.9237150406947,212.42005238891585,200.6688176319417,202.02549743652344,101352900
2025-04-15T04:00:00+00:00,201.36710824854453,203.01307326666696,199.31214069618733,201.6464233398437,51343900
2025-04-16T04:00:00+00:00,197.8756484915953,200.2099310657198,191.9002692932641,193.795639038086,59732400
2025-04-17T04:00:00+00:00,196.71848747425943,198.34451232255947,193.9452767059697,196.4990234375,52164700
2025-04-21T04:00:00+00:00,192.79807124065383,193.32677585155807,189.3465132845993,192.68833923339844,46742500
2025-04-22T04:00:00+00:00,195.64111763020085,201.097762433896,195.49148998245192,199.2522888183593,52976400
2025-04-23T04:00:00+00:00,205.4970088747084,207.4921254657249,202.30482537338813,204.1004333496093,52929200
2025-04-24T04:00:00+00:00,204.38970763388747,208.32008954356945,202.4444721059189,207.8612060546875,47311000
2025-04-25T04:00:00+00:00,205.86608387594285,209.2378355121778,205.69650080604464,208.7689819335937,38222300
2025-04-28T04:00:00+00:00,209.48723454234343,210.9835719319316,206.95344326011443,209.6268920898437,38743100
2025-04-29T04:00:00+00:00,208.18042396697467,211.7217586344392,207.86119803545407,210.6942749023437,36827600
2025-04-30T04:00:00+00:00,208.78894157113288,213.0584895980106,206.1653585429304,211.9811248779297,52286500
2025-05-01T04:00:00+00:00,208.5694808389541,214.0360957896086,208.3899124386699,212.79913330078125,57365700
2025-05-02T04:00:00+00:00,205.58677037884885,206.4845819118293,201.66637387157863,204.8485870361328,101010600
2025-05-05T04:00:00+00:00,202.6040848015313,203.60164304236287,197.72602561272544,198.40435791015625,69018500
2025-05-06T04:00:00+00:00,197.72601327833053,200.16004244803628,196.53891661034845,198.0252685546875,51216500
2025-05-07T04:00:00+00:00,198.6836658614824,198.9530108388585,192.77812311451905,195.7707977294922,68536700
2025-05-08T04:00:00+00:00,197.2372161152265,199.56152863729463,194.20463054641704,197.00778198242188,50478900
2025-05-09T04:00:00+00:00,198.51409591462888,200.0503289543839,197.05765414160047,198.0452423095703,36453900
2025-05-12T04:00:00+00:00,210.7308445260501,211.0305074927824,206.5156271207593,210.5510406494141,63775800
2025-05-13T04:00:00+00:00,210.19144790738707,213.1580823159532,208.7630762803324,212.6886138916016,51909300
2025-05-14T04:00:00+00:00,212.1891719239389,213.69746987061376,210.34127831689767,212.0892944335937,49325800
2025-05-15T04:00:00+00:00,210.7108634322801,212.7185946451233,209.30245815432872,211.2102966308593,45029500
2025-05-16T04:00:00+00:00,212.11926693678467,212.32903558469047,209.53220664773164,211.0205078125,54737900
2025-05-19T04:00:00+00:00,207.674310836722,209.2425231134968,204.02843943795537,208.54331970214844,46140500
2025-05-20T04:00:00+00:00,207.4345828831543,208.2336790492342,204.79757620413463,206.62550354003903,42496600
2025-05-21T04:00:00+00:00,204.93741112479617,206.8052863577864,200.4824756537251,201.86090087890625,59211800
2025-05-22T04:00:00+00:00,200.4824720941681,202.52015274475195,199.4736073247078,201.13172912597656,46742400
2025-05-23T04:00:00+00:00,193.4504526925712,197.4758830409797,193.2406992850713,195.04864501953125,78432900
2025-05-27T04:00:00+00:00,198.07520901450675,200.51244545494848,197.20618488735448,199.9830474853516,56288500
2025-05-28T04:00:00+00:00,200.3626002526684,202.50017366149785,199.6733800230216,200.1927947998047,45339700
2025-05-29T04:00:00+00:00,203.3492174371598,203.57895243464628,198.28495762525483,199.72332763671875,51396800
2025-05-30T04:00:00+00:00,199.143981266816,201.73105672211125,196.55692105301176,200.622314453125,70819900
2025-06-02T04:00:00+00:00,200.05295557621693,201.9008644592711,199.8931332988897,201.47134399414065,35423300
2025-06-03T04:00:00+00:00,201.1217444882778,203.5389992121068,200.7321872237246,203.03956604003903,46381600
2025-06-04T04:00:00+00:00,202.6799822074808,206.0062091045684,201.8709028727957,202.590087890625,43604000
2025-06-05T04:00:00+00:00,203.26931435006065,204.5178973620389,199.92310578136207,200.402572631836,55126100
2025-06-06T04:00:00+00:00,202.76987228695745,205.4668084267123,201.82095228760733,203.68882751464844,46607700
2025-06-09T04:00:00+00:00,204.15830357568728,205.76647909477697,199.79326227022588,201.2216339111328,72862600
2025-06-10T04:00:00+00:00,200.3726011094186,204.11835001917973,200.34263633745985,202.44024658203125,54672600
2025-06-11T04:00:00+00:00,203.26930749599725,204.2681738718989,198.18508130061548,198.55465698242188,60989900
2025-06-12T04:00:00+00:00,198.85432303920933,199.45363372918547,197.13627162659284,198.97418212890625,43904600
2025-06-13T04:00:00+00:00,199.50357538920457,200.1428492549886,195.47814514596445,196.227294921875,51447300
2025-06-16T04:00:00+00:00,197.07634287373045,198.46476655376847,196.33717625414863,198.195068359375,43020700
2025-06-17T04:00:00+00:00,196.9764419642561,198.1650953641773,194.98870767431248,195.418212890625,38856200
2025-06-18T04:00:00+00:00,195.71787336797544,197.3460303816964,194.84886452825484,196.35714721679688,45394700
2025-06-20T04:00:00+00:00,198.01527480684123,201.4713439140944,196.6368343380514,200.7721405029297,96813500
2025-06-23T04:00:00+00:00,201.40143343464243,202.07067208145293,198.7344620242812,201.2715759277344,55814300
2025-06-24T04:00:00+00:00,202.36033429336192,203.2093768046809,199.9730442780961,200.07293701171875,54064000
2025-06-25T04:00:00+00:00,201.2216365357081,203.43912119943792,200.3925755811161,201.33151245117188,39525700
2025-06-26T04:00:00+00:00,201.20164572639828,202.41028074115465,199.23389299836737,200.7721405029297,50799100
2025-06-27T04:00:00+00:00,201.66113009938155,202.98962419564967,199.7732732765776,200.85205078125,73188600
2025-06-30T04:00:00+00:00,201.7809871041056,207.15489297707504,199.0341046248948,204.9374084472656,91912800
2025-07-01T04:00:00+00:00,206.4357061767528,209.95171998702364,205.90630823197927,207.5844116210937,78788900
2025-07-02T04:00:00+00:00,208.6731759252599,213.09814660534315,207.9040445567577,212.1991729736328,67941800
2025-07-03T04:00:00+00:00,211.90950026104147,214.4066662563,211.56988934364432,213.30792236328125,34955800
2025-07-07T04:00:00+00:00,212.43889126622693,215.9848699115094,208.563300132892,209.7119903564453,50229000
2025-07-08T04:00:00+00:00,209.8618364392892,211.1903153368944,208.213697736729,209.7719268798828,42848900
2025-07-09T04:00:00+00:00,209.2924745188519,211.09043707809712,206.98509558510867,210.9006500244141,48749400
2025-07-10T04:00:00+00:00,210.27134950514616,213.237983779078,209.7918979255535,212.1692047119141,44443600
2025-07-11T04:00:00+00:00,210.3312962861296,211.88952536572023,209.6220944658076,210.92062377929688,39765800
2025-07-14T04:00:00+00:00,209.69201166358403,210.670911689046,207.3047216270235,208.3834991455078,38840100
2025-07-15T04:00:00+00:00,208.9828312368767,211.64980271899068,208.6831682659836,208.8729553222656,42296300
2025-07-16T04:00:00+00:00,210.0616088760869,212.1592191902425,208.40348697906973,209.92176818847656,47490500
2025-07-17T04:00:00+00:00,210.3313009439948,211.5599023237274,209.35240091776063,209.78192138671875,48068100
2025-07-18T04:00:00+00:00,210.63095139102305,211.54990664350103,209.46227954032304,210.9405975341797,48974600
2025-07-21T04:00:00+00:00,211.8595616297783,215.53538252867688,211.39009321998003,212.23912048339844,51377400
2025-07-22T04:00:00+00:00,212.89838571641525,214.7063314773177,211.9894136266437,214.15695190429688,46404100
2025-07-23T04:00:00+00:00,214.7562690717056,214.9060929302753,212.1692088371252,213.9072265625,46989300
2025-07-24T04:00:00+00:00,213.65751035981805,215.44548969662856,213.28793468034505,213.5176696777344,46022600
2025-07-25T04:00:00+00:00,214.45660521718813,214.9960015887686,213.15807589620647,213.6375427246093,40268800
2025-07-28T04:00:00+00:00,213.78737619229813,214.6064539631857,212.81847455673216,213.807357788086,37858000
2025-07-29T04:00:00+00:00,213.93719187335407,214.5664825639156,210.58101550100253,211.030502319336,51411700
2025-07-30T04:00:00+00:00,211.65977882345743,212.14922883427727,207.484524690738,208.81301879882807,45512500
2025-07-31T04:00:00+00:00,208.25365677749065,209.60211724381097,206.92516266487007,207.334701538086,80698400
2025-08-01T04:00:00+00:00,210.63095505795985,213.3378897360685,201.2715816709361,202.1505889892578,104434500
2025-08-04T04:00:00+00:00,204.27816503495924,207.64435521756303,201.4513712516652,203.11949157714844,75109300
2025-08-05T04:00:00+00:00,203.1694082424696,205.1072113881769,201.93082373064988,202.68995666503903,44155100
2025-08-06T04:00:00+00:00,205.39689808550256,215.1358452662651,205.3569348951669,213.0082550048828,108483100
2025-08-07T04:00:00+00:00,218.63187314031333,220.5996410833085,216.3344774704645,219.7805633544922,90224800
2025-08-08T04:00:00+00:00,220.57966572513484,230.73813503605493,219.00145500716468,229.0900115966797,113854000
2025-08-11T04:00:00+00:00,227.9199981689453,229.5599975585937,224.759994506836,227.17999267578125,61806100
2025-08-12T04:00:00+00:00,228.009994506836,230.8000030517578,227.07000732421875,229.6499938964844,55626200
2025-08-13T04:00:00+00:00,231.07000732421875,235.0,230.42999267578125,233.3300018310547,69878500
2025-08-14T04:00:00+00:00,234.0599975585937,235.1199951171875,230.8500061035156,232.77999877929688,51916300
2025-08-15T04:00:00+00:00,234.0,234.27999877929688,229.33999633789065,231.58999633789065,56038700
2025-08-18T04:00:00+00:00,231.6999969482422,233.1199951171875,230.1100006103516,230.88999938964844,37476200
2025-08-19T04:00:00+00:00,231.27999877929688,232.8699951171875,229.3500061035156,230.5599975585937,39402600
2025-08-20T04:00:00+00:00,229.97999572753903,230.47000122070312,225.7700042724609,226.009994506836,42263900
2025-08-21T04:00:00+00:00,226.2700042724609,226.5200042724609,223.77999877929688,224.8999938964844,30621200
2025-08-22T04:00:00+00:00,226.1699981689453,229.08999633789065,225.4100036621093,227.759994506836,42477800
2025-08-25T04:00:00+00:00,226.47999572753903,229.3000030517578,226.22999572753903,227.1600036621093,30983100
2025-08-26T04:00:00+00:00,226.8699951171875,229.4900054931641,224.69000244140625,229.3099975585937,54575100
2025-08-27T04:00:00+00:00,228.6100006103516,230.8999938964844,228.259994506836,230.4900054931641,31259500
2025-08-28T04:00:00+00:00,230.82000732421875,233.4100036621093,229.33999633789065,232.5599975585937,38074700
2025-08-29T04:00:00+00:00,232.509994506836,233.3800048828125,231.3699951171875,232.13999938964844,39418400
2025-09-02T04:00:00+00:00,229.25,230.8500061035156,226.97000122070312,229.72000122070312,44075600
2025-09-03T04:00:00+00:00,237.2100067138672,238.8500061035156,234.3600006103516,238.47000122070312,66427800
2025-09-04T04:00:00+00:00,238.4499969482422,239.8999938964844,236.7400054931641,239.77999877929688,47549400
2025-09-05T04:00:00+00:00,239.99000549316406,241.32000732421875,238.49009704589844,239.69000244140625,54870397
